VideoId,Title,VideoType,LiveStatus,CategoryId,CategoryName,Published_date,DurationSeconds,Views,Likes,Comments
9BTFD_gX6qQ,She’s got 4️⃣ days left to rehearse for her big moment… 😂,Short,none,10,Music,2025-09-29 13:14:31+00:00,31,833643,80122,1589
zqaLqctWP28,The Life of a Showgirl: The Tiny Bubbles in Champagne Vinyl Collection ❤️‍🔥,Short,none,10,Music,2025-08-25 20:02:56+00:00,16,580151,47982,2314
BLFnkfAc7iY,"The Life of a Showgirl: Baby, That’s Show Business Vinyl Collection is available now on my site❤️‍🔥",Short,none,10,Music,2025-08-21 18:04:53+00:00,16,507088,42579,1173
0Xh9s_3uRO8,The Life of a Showgirl: The Shiny Bug Vinyl Collection is available now on my site for 48 hours❤️‍🔥,Short,none,10,Music,2025-08-18 18:13:43+00:00,16,615830,48458,1368
w_DD-7_zVtw,"And, baby, that’s show business for you. New album The Life of a Showgirl. Out October 3  ❤️‍🔥",Short,none,10,Music,2025-08-14 05:00:58+00:00,8,1588760,110471,3054
58zLBjzfd4M,The #TSSummer2025 collection. Available at store.taylorswift.com while supplies last! ☀️,Short,none,10,Music,2025-06-11 17:00:25+00:00,31,952655,60356,2469
P0haCYjysUs,Anti-Hero (Behind The Scenes with The Ghosts In The Room),Regular,none,10,Music,2024-12-13 17:24:03+00:00,203,1365331,82683,6215
PQp643val70,cardigan (behind the scenes - forest & ocean),Regular,none,10,Music,2024-12-13 15:26:29+00:00,147,868510,70473,2810
-ddfFsLHNQs,"Anti-Hero (Behind the Scenes with Mike Birbiglia, John Early & Mary Elizabeth Ellis)",Regular,none,10,Music,2024-12-13 15:04:17+00:00,201,648821,52212,1824
0GeyBM6NS5s,Bejeweled (Behind the Scenes with Dita Von Teese),Regular,none,10,Music,2024-12-13 15:04:04+00:00,192,1901790,80188,1989
UAtpbCEsJlA,"Bejeweled (Behind the Scenes with Jack Antonoff, HAIM & Pat McGrath)",Regular,none,10,Music,2024-12-13 15:03:50+00:00,151,708499,50560,1292
K-8dOw7yuPo,Bejeweled (Behind the Scenes with Laura Dern),Regular,none,10,Music,2024-12-13 15:03:35+00:00,247,686887,56373,1333
w04K8z_nfDI,"Fortnight (Behind the Scenes with Post Malone, Ethan Hawke & Josh Charles)",Regular,none,10,Music,2024-12-13 15:03:06+00:00,229,882057,79029,4605
AFzzgQ7uCw4,"I Can See You (From The Vault) (Behind the Scenes with Joey King, Taylor Lautner & Presley Cash)",Regular,none,10,Music,2024-12-13 15:02:50+00:00,202,732731,71914,3196
ZwK7hrDC5UM,Karma (feat. Ice Spice) (Behind the Scenes),Regular,none,10,Music,2024-12-13 15:02:32+00:00,194,831093,78762,3191
g_meC49cN5k,Back in the office… 😎 #MiamiTSTheErasTour,Short,none,10,Music,2024-10-18 14:20:25+00:00,18,2468190,223019,14157
yj1_GJiJovg,"October 15, 2024",Short,none,10,Music,2024-10-15 12:33:56+00:00,31,1636495,174983,5880
b6zPqm0lLQs,Taylor Swift - I Can Do It With A Broken Heart (Dombresky Remix),Regular,none,10,Music,2024-09-13 04:00:26+00:00,191,1012957,46600,4797
VCTze4UuC9g,✨ NOW PLAYING ✨ The “I Can Do It With A Broken Heart” Music Video 🤍,Short,none,10,Music,2024-08-20 22:15:57+00:00,38,4071076,290408,6906
Sl6en1NPTYM,Taylor Swift - I Can Do It With A Broken Heart (Official Video),Regular,none,10,Music,2024-08-20 22:00:07+00:00,223,37894312,969110,47214
PQTA-EVc5DI,Taylor Swift - Fortnight (feat. Post Malone) (Cults Remix),Regular,none,10,Music,2024-07-09 04:00:20+00:00,200,1445651,36030,5232
HZIg5sQrPAM,Taylor Swift - Fortnight (feat. Post Malone) (Acoustic),Regular,none,10,Music,2024-07-09 04:00:14+00:00,229,2440384,86851,5145
0GQ_QeZxdzo,Taylor Swift - Fortnight (feat. Post Malone) (Behind the Scenes),Regular,none,10,Music,2024-06-21 13:00:00+00:00,220,3631006,171235,7565
KJXP13hqf2I,Taylor Swift - Fortnight (feat Post Malone) (BLOND:ISH Remix),Regular,none,10,Music,2024-05-22 00:00:43+00:00,222,2908753,75222,6570
ZwlBxvnH-So,A fortnight since TTPD 🤍 brought to you by YouTube Shorts #ForAFortnightChallenge,Short,none,10,Music,2024-05-03 17:31:46+00:00,16,31777723,1379233,16343
F0TUVujmtxY,A fortnight til Paris 🤍 Brought to you by YouTube Shorts #ForAFortnightChallenge,Short,none,10,Music,2024-04-25 21:58:39+00:00,16,35492583,1933722,20997
AtDCWnV_Vzo,A fortnight making TTPD 🤍 Brought to you by YouTube Shorts #ForAFortnightChallenge,Short,none,10,Music,2024-04-22 20:30:56+00:00,16,36009452,1913898,20015
BpkmUfv1I4Q,Taylor Swift - I Hate It Here (Official Lyric Video),Regular,none,10,Music,2024-04-20 00:10:39+00:00,248,7907837,106111,5111
56TZ3B8Qxsk,Taylor Swift - The Black Dog (Official Lyric Video),Regular,none,10,Music,2024-04-20 00:10:34+00:00,244,10467286,95666,2838
2hBLC7E8v3A,Share your “fortnight” recap with #ForAFortnightChallenge 🤍 brought to you by YouTube Shorts,Short,none,10,Music,2024-04-20 00:02:45+00:00,16,124082836,4515700,47833
iMMUAd66vxo,Taylor Swift - The Alchemy (Official Lyric Video),Regular,none,10,Music,2024-04-20 00:00:34+00:00,202,16525591,110473,2814
vOZFiX6hDXQ,Taylor Swift - Who’s Afraid of Little Old Me? (Official Lyric Video),Regular,none,10,Music,2024-04-20 00:00:33+00:00,339,29740250,225946,7330
uEssK8o3jKg,Taylor Swift - Florida!!! (feat. Florence + The Machine) (Official Lyric Video),Regular,none,10,Music,2024-04-20 00:00:31+00:00,220,14760284,116958,3640
bAi80EylyXQ,Taylor Swift - The Bolter (Official Lyric Video),Regular,none,10,Music,2024-04-20 00:00:26+00:00,243,6737990,58728,1556
iY6Qhlua8Zw,Taylor Swift - The Manuscript (Official Lyric Video),Regular,none,10,Music,2024-04-20 00:00:26+00:00,229,2826138,44076,1186
_PsBoqNwYo4,Taylor Swift - The Prophecy (Official Lyric Video),Regular,none,10,Music,2024-04-20 00:00:25+00:00,254,16655605,118599,3090
wRKXAAV6jh4,Taylor Swift - My Boy Only Breaks His Favorite Toys (Official Lyric Video),Regular,none,10,Music,2024-04-20 00:00:25+00:00,209,24332119,147387,3345
RQMz4JDbtmI,Taylor Swift - The Tortured Poets Department (Official Lyric Video),Regular,none,10,Music,2024-04-20 00:00:24+00:00,298,17541283,161792,4698
w-FkV0EM_CU,Taylor Swift -  So High School (Official Lyric Video),Regular,none,10,Music,2024-04-20 00:00:23+00:00,235,23427032,167881,5406
oaBJlKXBvjk,Taylor Swift - thanK you aIMee (Official Lyric Video),Regular,none,10,Music,2024-04-20 00:00:20+00:00,270,6130219,78578,4049
gOtOWeD9YJk,Taylor Swift - Chloe or Sam or Sophia or Marcus (Official Lyric Video),Regular,none,10,Music,2024-04-20 00:00:18+00:00,219,6097621,55703,1596
fcVUbmdQfaE,Taylor Swift - Clara Bow (Official Lyric Video),Regular,none,10,Music,2024-04-20 00:00:17+00:00,222,6690980,57754,1526
i8_w_m6HLJ0,Taylor Swift - I Can Do It With a Broken Heart (Official Lyric Video),Regular,none,10,Music,2024-04-20 00:00:17+00:00,223,34040925,318410,7397
OKWfv-x2rdU,Taylor Swift - I Can Fix Him (No Really I Can) (Official Lyric Video),Regular,none,10,Music,2024-04-20 00:00:16+00:00,161,6291623,51352,1231
OOYlWF6V8t8,Taylor Swift - Guilty as Sin (Official Lyric Video),Regular,none,10,Music,2024-04-20 00:00:15+00:00,259,46719317,197096,4149
Mxxswu7V1Us,Taylor Swift - Peter (Official Lyric Video),Regular,none,10,Music,2024-04-20 00:00:14+00:00,290,10170813,82314,2891
EVbtjaWXQVg,Taylor Swift - Down Bad (Official Lyric Video),Regular,none,10,Music,2024-04-20 00:00:12+00:00,266,32850795,181368,4399
FQyEZZPbOb0,Taylor Swift - Robin (Official Lyric Video),Regular,none,10,Music,2024-04-20 00:00:12+00:00,246,2137375,34353,1237
SBGdvxi2JmU,Taylor Swift - imgonnagetyouback (Official Lyric Video),Regular,none,10,Music,2024-04-20 00:00:12+00:00,225,13497466,84851,2625
GZ4vaTRn0HU,Taylor Swift - loml (Official Lyric Video),Regular,none,10,Music,2024-04-20 00:00:11+00:00,282,24442242,149587,4030
U2W173hRfyA,Taylor Swift - But Daddy I Love Him (Official Lyric Video),Regular,none,10,Music,2024-04-20 00:00:11+00:00,345,23770912,165060,4715
O3wlMR0y4a4,Taylor Swift - How Did It End? (Official Lyric Video),Regular,none,10,Music,2024-04-20 00:00:10+00:00,243,9834000,77740,2155
Atdzfj8LcuY,Taylor Swift - The Smallest Man Who Ever Lived (Official Lyric Video),Regular,none,10,Music,2024-04-20 00:00:09+00:00,250,17802637,115776,3653
CCUr2pNJft4,"Taylor Swift - So Long, London (Official Lyric Video)",Regular,none,10,Music,2024-04-20 00:00:07+00:00,268,23390584,161148,4026
HzsQHfBA3MY,Taylor Swift - Fortnight (feat Post Malone) (Official Lyric Video),Regular,none,10,Music,2024-04-20 00:00:07+00:00,234,3802667,48255,1001
q3zqJs7JUCQ,Taylor Swift - Fortnight (feat. Post Malone) (Official Music Video),Regular,none,10,Music,2024-04-20 00:00:06+00:00,250,158984607,2108269,104666
4wOsiM2T_xc,Taylor Swift - The Albatross (Official Lyric Video),Regular,none,10,Music,2024-04-20 00:00:03+00:00,189,4750097,48095,1114
6HIA7ouBfGY,Taylor Swift - I Look in People's Windows (Official Lyric Video),Regular,none,10,Music,2024-04-20 00:00:02+00:00,138,3761017,45171,1182
0EKbEP2L32M,Taylor Swift - Fresh Out The Slammer (Official Lyric Video),Regular,none,10,Music,2024-04-20 00:00:00+00:00,216,11830124,90581,2467
0hYY86DmqPY,Taylor Swift - Cassandra (Official Lyric Video),Regular,none,10,Music,2024-04-20 00:00:00+00:00,246,3545659,51770,2012
GhXsnvmUQrg,Entering the Phantom Clear TTPD vinyl into evidence. Available exclusively at Target now,Short,none,10,Music,2024-04-19 23:00:42+00:00,31,1965439,231742,3167
b7kmP1fsGg8,Taylor Swift - Fortnight (feat. Post Malone),Regular,none,10,Music,2024-04-19 04:00:32+00:00,229,23235795,431536,29260
QBllgPHa8aQ,A message for the department 🤍#ForAFortnightChallenge coming soon to YouTube Shorts,Short,none,10,Music,2024-04-19 03:23:41+00:00,29,1706447,154381,1946
7yRXgL7SaV0,Album tonight. Fortnight music video tomorrow at 8pm et.,Short,none,10,Music,2024-04-19 00:02:59+00:00,6,3048054,261176,5006
RlDSGLHcZy0,The TTPD Timetable,Short,none,10,Music,2024-04-17 00:04:53+00:00,26,1723160,200136,3953
ilkvTXfv2TY,accidentally going clubbing with your parents is something everyone should try at least once,Short,none,10,Music,2024-02-13 02:57:11+00:00,18,3729905,299163,7207
pQq9eP5OFhw,Taylor Swift - You're Losing Me (From The Vault),Regular,none,10,Music,2023-11-29 13:00:47+00:00,279,32795560,385387,21048
zz9YgUoisOA,"Rent on demand starting … you guessed it, December 13 🫶💋",Regular,none,10,Music,2023-11-27 20:21:45+00:00,61,4509478,320316,13690
vaRGgiGfsw4,✨🫶 My name is Taylor and I was born in 1989 🫶✨,Short,none,10,Music,2023-10-31 20:08:57+00:00,19,3157558,289461,8193
tNxUxm3-658,Taylor Swift - Is It Over Now? (Taylor's Version) (From The Vault) (Lyric Video),Regular,none,10,Music,2023-10-27 04:00:36+00:00,235,31761778,288523,8290
yF4ulRTCn44,Taylor Swift - Now That We Don't Talk (Taylor's Version) (From The Vault) (Lyric Video),Regular,none,10,Music,2023-10-27 04:00:36+00:00,152,20177535,209840,5515
vtW_4j7SsZk,Taylor Swift - Wildest Dreams (Taylor's Version) (Lyric Video),Regular,none,10,Music,2023-10-27 04:00:35+00:00,226,16855374,197684,3581
lUvBk4owRNU,Taylor Swift - Bad Blood (Taylor's Version) (Lyric Video),Regular,none,10,Music,2023-10-27 04:00:34+00:00,217,11720723,186587,5431
rnwD7veCoFQ,Taylor Swift - How You Get The Girl (Taylor's Version) (Lyric Video),Regular,none,10,Music,2023-10-27 04:00:34+00:00,253,7766135,106364,2220
gp1MR2WAAXY,Taylor Swift - Out Of The Woods (Taylor's Version) (Lyric Video),Regular,none,10,Music,2023-10-27 04:00:33+00:00,242,11207479,154037,3869
gir8BEqAutk,Taylor Swift - Blank Space (Taylor's Version) (Lyric Video),Regular,none,10,Music,2023-10-27 04:00:32+00:00,237,23477386,328956,7700
mvVBuG4IOW4,Taylor Swift - Shake It Off (Taylor's Version) (Lyric Video),Regular,none,10,Music,2023-10-27 04:00:32+00:00,225,22517149,234586,5527
qrxsceexTBw,"Taylor Swift - ""Slut!"" (Taylor's Version) (From The Vault) (Lyric Video)",Regular,none,10,Music,2023-10-27 04:00:30+00:00,186,15907920,272456,5774
_Usd5X5XJXM,Taylor Swift - All You Had To Do Was Stay (Taylor's Version) (Lyric Video),Regular,none,10,Music,2023-10-27 04:00:20+00:00,199,8425492,95913,1818
ZGBPKYbzSXs,Taylor Swift - Suburban Legends (Taylor's Version) (From The Vault) (Lyric Video),Regular,none,10,Music,2023-10-27 04:00:19+00:00,177,5898735,94730,2404
FsGdznlfE2U,Taylor Swift - Welcome To New York (Taylor's Version) (Lyric Video),Regular,none,10,Music,2023-10-27 04:00:16+00:00,218,22954490,243350,8129
AppsjTInqiw,Taylor Swift - Clean (Taylor's Version) (Lyric Video),Regular,none,10,Music,2023-10-27 04:00:10+00:00,277,13727915,170279,4229
M7ySK0keirY,Taylor Swift - You Are In Love (Taylor's Version) (Lyric Video),Regular,none,10,Music,2023-10-27 04:00:09+00:00,273,10133764,123747,3391
JhICcmiIE80,Taylor Swift - Wonderland (Taylor's Version) (Lyric Video),Regular,none,10,Music,2023-10-27 04:00:08+00:00,251,6753073,105959,2469
C-z-IckrQK8,Taylor Swift - Say Don't Go (Taylor's Version) (From The Vault) (Lyric Video),Regular,none,10,Music,2023-10-27 04:00:06+00:00,286,16611276,182375,4624
89aQIli8aVU,Taylor Swift - I Wish You Would (Taylor's Version) (Lyric Video),Regular,none,10,Music,2023-10-27 04:00:03+00:00,213,5639836,81130,1607
2JgvVfOfoWI,Taylor Swift - Style (Taylor's Version) (Lyric Video),Regular,none,10,Music,2023-10-27 04:00:02+00:00,236,31783241,360129,9791
3-BcH7KowGE,Taylor Swift - New Romantics (Taylor's Version) (Lyric Video),Regular,none,10,Music,2023-10-27 04:00:01+00:00,236,10599218,156099,5330
0jTGzm-6cYE,Taylor Swift - I Know Places (Taylor's Version) (Lyric Video),Regular,none,10,Music,2023-10-27 04:00:00+00:00,201,7222274,115330,3205
xB-RZqcoIgo,Taylor Swift - Cruel Summer (Live from Taylor Swift | The Eras Tour),Regular,none,10,Music,2023-10-19 00:30:25+00:00,235,4978711,236947,12134
GBb8vC0DeXY,Taylor Swift - Cruel Summer (LP Giobbi Remix),Regular,none,10,Music,2023-10-19 00:30:06+00:00,199,1118055,60254,3780
KzNLM4nmRak,The Eras Tour concert film is now officially coming to theaters WORLDWIDE on Oct 13! 🩵,Short,none,10,Music,2023-09-26 11:58:51+00:00,31,2566323,248382,6190
US0OipWyYro,"Thank you for making these reveals so much chaotic fun (which is the best kind of fun, after all 😜)",Short,none,10,Music,2023-09-20 22:13:54+00:00,29,1997358,183765,2905
KudedLV0tP0,TAYLOR SWIFT | THE ERAS TOUR Concert Film Official Trailer,Regular,none,10,Music,2023-08-31 12:17:49+00:00,90,15225830,437196,20384
0FZULHCZKBc,Pre order 1989 (Taylor’s Version) now on my site 🩵😎🩵,Short,none,10,Music,2023-08-10 06:26:11+00:00,16,2568318,221679,5376
okPrv0o_7GQ,Summer forecast: Cruel. 😎,Short,none,10,Music,2023-07-21 18:56:15+00:00,26,5807954,339931,7117
lVkKLf4DCn8,Taylor Swift - I Can See You (Taylor’s Version) (From The Vault) (Official Video),Regular,none,10,Music,2023-07-08 04:58:11+00:00,307,46024250,1282086,46481
vO6JqQpJboY,Taylor Swift - Innocent (Taylor's Version) (Lyric Video),Regular,none,10,Music,2023-07-07 04:00:35+00:00,305,4451325,92692,2679
maEVfpxDB8k,Taylor Swift - Never Grow Up (Taylor's Version) (Lyric Video),Regular,none,10,Music,2023-07-07 04:00:33+00:00,297,5279527,104846,3578
idWma942CUI,Taylor Swift - Last Kiss (Taylor's Version) (Lyric Video),Regular,none,10,Music,2023-07-07 04:00:32+00:00,373,11647441,131507,3891
oxNLRqMJMZk,Taylor Swift - Mine (Taylor's Version) (Lyric Video),Regular,none,10,Music,2023-07-07 04:00:32+00:00,236,22559673,236990,4722
hMPK2vNXr-E,Electric Touch (Taylor’s Version) (From The Vault) (Lyric Video),Regular,none,10,Music,2023-07-07 04:00:31+00:00,271,5201825,106380,3038
qc2Z-OX9wnc,Taylor Swift - Back To December (Taylor's Version) (Lyric Video),Regular,none,10,Music,2023-07-07 04:00:28+00:00,298,42651525,336411,8785
osmzwWw4RYM,Taylor Swift - Timeless (Taylor’s Version) (From The Vault) (Lyric Video),Regular,none,10,Music,2023-07-07 04:00:27+00:00,325,9814138,158105,4481
UlFrV5GJA_4,Taylor Swift - Sparks Fly (Taylor's Version) (Lyric Video),Regular,none,10,Music,2023-07-07 04:00:25+00:00,264,17689691,178569,3446
pRhWAXg4xek,Taylor Swift - The Story Of Us (Taylor's Version) (Lyric Video),Regular,none,10,Music,2023-07-07 04:00:23+00:00,272,13308701,142121,2818
igIfiqqVHtA,Taylor Swift - Enchanted (Taylor's Version) (Lyric Video),Regular,none,10,Music,2023-07-07 04:00:21+00:00,357,79118919,770132,17503
jOD86iMAEY0,Taylor Swift - I Can See You (Taylor’s Version) (From The Vault) (Lyric Video),Regular,none,10,Music,2023-07-07 04:00:21+00:00,277,5705741,118470,3792
V80A8qN4fR8,Castles Crumbling (Taylor’s Version) (From The Vault) (Lyric Video),Regular,none,10,Music,2023-07-07 04:00:19+00:00,310,5706905,108415,3420
IYqgVYjN3Go,Taylor Swift - When Emma Falls in Love (Taylor’s Version) (Lyric Video),Regular,none,10,Music,2023-07-07 04:00:15+00:00,257,4770812,98128,3118
EH70M5OeS4o,Taylor Swift - Better Than Revenge (Taylor's Version) (Lyric Video),Regular,none,10,Music,2023-07-07 04:00:14+00:00,224,10861949,181729,6167
F5TMU6916U8,Taylor Swift - Long Live (Taylor's Version) (Lyric Video),Regular,none,10,Music,2023-07-07 04:00:14+00:00,320,36667672,267221,7857
N-FYySSy0rM,Taylor Swift - Dear John (Taylor's Version) (Lyric Video),Regular,none,10,Music,2023-07-07 04:00:14+00:00,410,13258977,160010,4574
Fn0er7H1Dm0,Taylor Swift - Superman (Taylor’s Version) (Lyric Video),Regular,none,10,Music,2023-07-07 04:00:13+00:00,279,2567325,56634,1634
PH8Uc0Z_KRY,Taylor Swift - Ours (Taylor’s Version) (Lyric Video),Regular,none,10,Music,2023-07-07 04:00:13+00:00,240,3088136,64905,1573
JlZnvyBqceY,Taylor Swift - Speak Now (Taylor's Version) (Lyric Video),Regular,none,10,Music,2023-07-07 04:00:10+00:00,246,15595130,220128,7990
8AR1dKawCi8,Taylor Swift - Mean (Taylor's Version) (Lyric Video),Regular,none,10,Music,2023-07-07 04:00:05+00:00,243,5866565,109939,2714
4cC6fw8EqWU,Taylor Swift - Haunted (Taylor's Version) (Lyric Video),Regular,none,10,Music,2023-07-07 04:00:03+00:00,249,8207845,142759,4885
6-x1AlDudZw,Taylor Swift - Foolish One (Taylor’s Version) (From The Vault) (Lyric Video),Regular,none,10,Music,2023-07-07 04:00:03+00:00,313,9419373,138418,4876
yJTfs8YS2w0,13 days til we return Speak Now to its mother 😝,Short,none,10,Music,2023-06-24 15:56:37+00:00,7,10123307,513771,12372
XzOvgu3GPwY,Taylor Swift ft. Ice Spice - Karma (Official Music Video) ft. Ice Spice,Regular,none,10,Music,2023-05-27 04:00:08+00:00,206,74704082,1431724,51826
_f4yoKJL7IQ,Taylor Swift - Hits Different,Regular,none,10,Music,2023-05-26 04:00:19+00:00,236,13271683,203719,7447
Hoi-PI8QpTU,Taylor Swift ft. Ice Spice - Karma (Official Visualizer),Regular,none,10,Music,2023-05-26 04:00:09+00:00,202,5334217,282644,13956
2CnUYMmEHrs,Taylor Swift - Snow On The Beach (Feat. More Lana Del Rey),Regular,none,10,Music,2023-05-26 04:00:01+00:00,230,16143003,358273,14390
YvyeAwoZ76w,It fills me with such pride & joy to announce that my version of Speak Now will be out July 7 💜💜💜,Short,none,10,Music,2023-05-06 04:06:59+00:00,7,1324757,187309,3640
anqxTwGE_nQ,Taylor Swift - Lavender Haze (Acoustic Version),Regular,none,10,Music,2023-03-31 04:00:01+00:00,180,2085062,83540,3507
kE31ShDEOwg,Taylor Swift - Lavender Haze (Snakehips Remix),Regular,none,10,Music,2023-03-03 05:00:29+00:00,191,890122,20208,905
nfFujEdM0_E,Taylor Swift - Lavender Haze (Jungle Remix),Regular,none,10,Music,2023-03-03 05:00:23+00:00,239,283179,15444,1030
ZZtamrXjB_w,Taylor Swift - Lavender Haze (Tensnake Remix),Regular,none,10,Music,2023-03-03 05:00:16+00:00,218,337806,16587,775
pCH19_8E4Hw,Taylor Swift - Lavender Haze (Behind The Scenes),Regular,none,10,Music,2023-03-03 04:56:53+00:00,212,2026110,130810,3737
6DdAzVDVBpw,Taylor Swift - Lavender Haze (Felix Jaehn Remix),Regular,none,10,Music,2023-02-10 05:00:05+00:00,177,796688,39530,2130
h8DLofLM7No,Taylor Swift - Lavender Haze (Official Music Video),Regular,none,10,Music,2023-01-27 05:00:07+00:00,211,74806268,1531478,44550
HqDZxtMIx0M,Meet me at midnight…for the Lavender Haze music video premiere (!!!!!!!!!!!!!),Short,none,10,Music,2023-01-26 13:10:08+00:00,10,2324211,199731,2625
M0Ku_op-LXI,Taylor Swift - All Too Well: The Short Film (Behind The Scenes),Regular,none,10,Music,2022-12-08 14:00:09+00:00,417,7570718,424560,7460
nF4Jc9sPPug,Taylor Swift - Anti-Hero (ILLENIUM Remix),Regular,none,10,Music,2022-11-18 05:00:32+00:00,272,1974427,55486,2493
ijjGqwdXa1c,"It’s me, Benjamin 🐱 joining the #TSAntiHeroChallenge brought to you by YouTube Shorts",Short,none,10,Music,2022-11-11 17:04:21+00:00,16,52937213,2878270,15488
eSLO-HpSWD0,Taylor Swift - Anti-Hero (Roosevelt Remix),Regular,none,10,Music,2022-11-11 03:00:30+00:00,304,727871,28535,1518
uybMJ8cSWtA,Taylor Swift - Anti-Hero (Kungs Remix),Regular,none,10,Music,2022-11-11 03:00:20+00:00,199,1731829,30673,1051
Cd3v_pRgOp8,Taylor Swift - Anti-Hero (Jayda G Remix),Regular,none,10,Music,2022-11-11 03:00:06+00:00,216,735381,18663,713
NbS4s_6jYTg,The Anti Hero (Roosevelt remix) makes me feel hyped enough for an imaginary funeral brawl,Short,none,10,Music,2022-11-09 21:05:35+00:00,16,3520355,188141,1891
T1d9PiRAJNM,Taylor Swift - Anti-Hero (feat. Bleachers),Regular,none,10,Music,2022-11-08 05:00:13+00:00,232,2398114,122839,4075
IVQqOzFKN2M,"It’s me, 👋 sharing ALL the problems. Join the #TSAntiHeroChallenge brought to you by YouTube Shorts",Short,none,10,Music,2022-11-04 14:53:16+00:00,16,64080806,2798478,18277
uhjx7FemU6o,"Hits Different really hits different, plus it’s got one of my fav bridges 😆 only avail at Target",Short,none,10,Music,2022-11-04 13:42:37+00:00,11,4009011,331903,3912
lM1P2JwZ5jE,Total surprise 😉 Share yours with  #TSAntiHeroChallenge brought to you by YouTube Shorts.,Short,none,10,Music,2022-11-01 12:31:39+00:00,16,79641437,3363309,24784
yJ_GML26Xk4,We’re the problem,Short,none,10,Music,2022-10-26 18:32:03+00:00,10,3252516,250466,2267
b7QlX3yR2xs,Taylor Swift - Bejeweled (Official Music Video),Regular,none,10,Music,2022-10-25 04:00:09+00:00,354,96935989,2083164,56135
ycE7bUq3-2k,Taylor Swift - Snow On The Beach (Lyric Video) ft. Lana Del Rey,Regular,none,10,Music,2022-10-22 00:00:39+00:00,260,35607978,451507,8836
ySZGZrcqvr4,Taylor Swift - Paris (Official Lyric Video),Regular,none,10,Music,2022-10-22 00:00:37+00:00,200,10234010,123798,2126
xTXsKMXUi7w,Taylor Swift - Labyrinth (Lyric Video),Regular,none,10,Music,2022-10-22 00:00:36+00:00,252,15727105,198456,2552
xxrf_QBD5DE,Taylor Swift - Question...? (Official Lyric Video),Regular,none,10,Music,2022-10-22 00:00:35+00:00,215,15380906,157195,2687
lvHZjvIyqsk,Taylor Swift - Maroon (Official Lyric Video),Regular,none,10,Music,2022-10-22 00:00:34+00:00,223,36860010,279684,5045
mkR_Qwix4Ho,Taylor Swift - Lavender Haze (Official Lyric Video),Regular,none,10,Music,2022-10-22 00:00:34+00:00,207,25710359,307581,4895
rn0brgg2BpI,Taylor Swift - Sweet Nothing (Official Lyric Video),Regular,none,10,Music,2022-10-22 00:00:34+00:00,193,12842011,153571,2459
iFX6_9h7th0,Taylor Swift - The Great War (Official Lyric Video),Regular,none,10,Music,2022-10-22 00:00:32+00:00,244,26278831,224669,4009
rg18Kf4en2o,Taylor Swift - Karma (Lyric Video),Regular,none,10,Music,2022-10-22 00:00:29+00:00,210,32457248,331807,6587
l8Tps3PITx4,Taylor Swift - Bigger Than The Whole Sky (Lyric Video),Regular,none,10,Music,2022-10-22 00:00:21+00:00,224,11080157,161978,4198
X0Jti9F-oQA,Taylor Swift - Dear Reader (Official Lyric Video),Regular,none,10,Music,2022-10-22 00:00:18+00:00,229,6949848,106010,2074
XzKSPRqFg9E,Taylor Swift - Bejeweled (Lyric Video),Regular,none,10,Music,2022-10-22 00:00:16+00:00,199,22584361,172006,2272
Y2a73EvnZ4s,Taylor Swift - Glitch (Official Lyric Video),Regular,none,10,Music,2022-10-22 00:00:16+00:00,152,5205138,75891,1264
Uoey4W_3bos,Taylor Swift - Vigilante Shit (Official Lyric Video),Regular,none,10,Music,2022-10-22 00:00:15+00:00,170,18745667,253559,4237
Tmz1lz0zcLQ,Taylor Swift - Mastermind (Official Lyric Video),Regular,none,10,Music,2022-10-22 00:00:14+00:00,195,18610322,176233,3206
XqN2qFvY64U,Taylor Swift - Anti-Hero (Official Lyric Video),Regular,none,10,Music,2022-10-22 00:00:14+00:00,204,40886223,268152,3637
B-MfwP_RmHY,"Taylor Swift - Would've, Could've, Should've (Official Lyric Video)",Regular,none,10,Music,2022-10-22 00:00:13+00:00,264,21938127,233624,5637
Odh9ddPUkEY,Taylor Swift - Midnight Rain (Official Lyric Video),Regular,none,10,Music,2022-10-22 00:00:13+00:00,180,57057831,477125,6315
7Gbg6Z70J7E,"Taylor Swift - You're On Your Own, Kid (Official Lyric Video)",Regular,none,10,Music,2022-10-22 00:00:11+00:00,199,57907900,404520,5752
-qee6dFKlw4,Taylor Swift - High Infidelity (Official Lyric Video),Regular,none,10,Music,2022-10-22 00:00:00+00:00,237,10539767,129769,3144
U1IqinpmpQE,"🫣 Join my #TSAntiHeroChallenge and share your anti-heroic traits, brought to you by YouTube Shorts.",Short,none,10,Music,2022-10-21 12:10:21+00:00,16,127158659,4960008,23953
9Wx2It8SbLs,"😺 Join my #TSAntiHeroChallenge and share your anti-heroic traits, brought to you by YouTube Shorts.",Short,none,10,Music,2022-10-21 12:10:06+00:00,16,106323642,4628546,16494
b1kbLwvqugk,Taylor Swift - Anti-Hero (Official Music Video),Regular,none,10,Music,2022-10-21 12:00:06+00:00,310,229009802,3583882,103214
Jo-8VaRU4ok,Mark your calendars! Meet the Midnights Manifest 📜,Short,none,10,Music,2022-10-20 04:15:55+00:00,31,1772675,148040,1329
3fUS9GAMxv4,🕰 #TSAntiHeroChallenge. Coming October 21. Brought to you by YouTube Shorts.,Short,none,10,Music,2022-10-18 04:00:03+00:00,8,1901637,153440,1725
egxyRSb_XtI,Taylor Swift - Carolina (From The Motion Picture “Where The Crawdads Sing” / Lyric Video),Regular,none,10,Music,2022-06-24 04:00:18+00:00,174,7560410,302931,10722
3Q94kA7llGw,Taylor Swift - Carolina (From The Motion Picture “Where The Crawdads Sing” / Audio),Regular,none,10,Music,2022-06-24 04:00:01+00:00,269,4341428,147575,5928
mvxQYPR4lmU,Taylor Swift - This Love (Taylor's Version) (Lyric Video),Regular,none,10,Music,2022-05-06 04:00:30+00:00,250,26419274,545560,23612
mCWRjuhRRYg,Taylor Swift - Message In A Bottle (Fat Max G Remix) (Taylor’s Version) (Visualizer),Regular,none,10,Music,2022-01-21 05:00:17+00:00,226,4077174,164667,7779
gRo0ZtgB2io,All Too Well (Sad Girl Autumn Version) - Recorded at Long Pond Studios (Lyric Video),Regular,none,10,Music,2021-11-18 20:43:53+00:00,601,5624857,207943,5650
r0yq_yXFQhg,Taylor Swift - All Too Well (Sad Girl Autumn Version) - Recorded at Long Pond Studios,Regular,none,10,Music,2021-11-18 01:35:50+00:00,601,15629792,544833,18317
pPrdGE4w9ZM,All Too Well (10 Minute Version) (Taylor's Version) (From The Vault) (Karaoke),Regular,none,10,Music,2021-11-15 23:22:49+00:00,613,1697283,95284,2964
UDzPTerKZn8,Taylor Swift - All Too Well (Taylor's Version) (Karaoke),Regular,none,10,Music,2021-11-15 23:10:09+00:00,331,778624,54380,3018
5UMCrq-bBCg,Taylor Swift ft. Chris Stapleton - I Bet You Think About Me (Taylor's Version) (Official Video),Regular,none,10,Music,2021-11-15 15:00:10+00:00,376,69816810,1719022,48489
nJr_8l0AEWE,Taylor Swift - All Too Well (10 Minute Version) (Live on Saturday Night Live),Regular,none,10,Music,2021-11-14 10:37:12+00:00,608,29801320,865264,23214
tollGa3S0o8,Taylor Swift - All Too Well: The Short Film,Regular,none,10,Music,2021-11-13 00:00:10+00:00,896,108253927,4858886,135173
sRxrwjOtIag,All Too Well (10 Minute Version) (Taylor's Version) (From The Vault) (Lyric Video),Regular,none,10,Music,2021-11-12 05:00:31+00:00,613,153397486,1590896,54690
lPvcwgEuKTg,Taylor Swift - Starlight (Taylor's Version) (Lyric Video),Regular,none,10,Music,2021-11-12 05:00:30+00:00,224,4596700,123821,2756
R_rUYuFtNO4,Taylor Swift - Red (Taylor's Version) (Lyric Video),Regular,none,10,Music,2021-11-12 05:00:23+00:00,221,59883130,643123,14124
flv8AEWrRMI,Taylor Swift - Run (Taylor's Version) (From The Vault) (Lyric Video) ft. Ed Sheeran,Regular,none,10,Music,2021-11-12 05:00:22+00:00,241,8894064,243962,4276
u1D1AgDfreg,Taylor Swift - Treacherous (Taylor's Version) (Lyric Video),Regular,none,10,Music,2021-11-12 05:00:22+00:00,241,6400581,135897,2794
zJFcr1KyFqE,Taylor Swift - We Are Never Ever Getting Back Together (Taylor's Version) (Lyric Video),Regular,none,10,Music,2021-11-12 05:00:22+00:00,195,26088632,430957,6510
w1AV_35zVwU,Taylor Swift - I Almost Do (Taylor's Version) (Lyric Video),Regular,none,10,Music,2021-11-12 05:00:21+00:00,245,8173419,137563,3002
TqAollrUJdA,Taylor Swift - I Knew You Were Trouble (Taylor's Version) (Lyric Video),Regular,none,10,Music,2021-11-12 05:00:20+00:00,221,23276850,341246,6102
OhJ-S9Nrh7Q,Taylor Swift - Stay Stay Stay (Taylor's Version) (Lyric Video),Regular,none,10,Music,2021-11-12 05:00:19+00:00,208,6265999,132728,3510
rVuyi-dPMIc,Taylor Swift - The Very First Night (Taylor's Version) (From The Vault) (Lyric Video),Regular,none,10,Music,2021-11-12 05:00:19+00:00,203,11131227,170056,3510
m3fWCRvz5JA,Nothing New (Taylor's Version) (From The Vault) (Lyric Video),Regular,none,10,Music,2021-11-12 05:00:17+00:00,263,10884281,198103,4518
kdiBc40gW7s,Taylor Swift - Ronan (Taylor's Version) (Lyric Video),Regular,none,10,Music,2021-11-12 05:00:15+00:00,281,4177778,191847,6240
pCH4QrSx2Jg,Taylor Swift - The Last Time (Taylor's Version) (Lyric Video) ft. Gary Lightbody,Regular,none,10,Music,2021-11-12 05:00:15+00:00,300,11482447,175498,3506
cVaG6adE2mA,Taylor Swift - Message In A Bottle (Taylor's Version) (From The Vault) (Lyric Video),Regular,none,10,Music,2021-11-12 05:00:14+00:00,227,22971086,248292,6538
hHWOAUjnmjQ,Taylor Swift - Come Back...Be Here (Taylor's Version) (Lyric Video),Regular,none,10,Music,2021-11-12 05:00:14+00:00,226,10802346,142491,2499
jQfB4Gahi3I,Taylor Swift - Sad Beautiful Tragic (Taylor's Version) (Lyric Video),Regular,none,10,Music,2021-11-12 05:00:14+00:00,286,5102032,106711,2229
dXNZaHuKWNA,Taylor Swift - Begin Again (Taylor's Version) (Lyric Video),Regular,none,10,Music,2021-11-12 05:00:12+00:00,239,6897908,133337,2903
eMcMbWl0fDk,Taylor Swift - Everything Has Changed (Taylor's Version) (Lyric Video) ft. Ed Sheeran,Regular,none,10,Music,2021-11-12 05:00:12+00:00,249,10592885,201548,3723
TkAomsYFsJw,Taylor Swift - Forever Winter (Taylor's Version) (From The Vault) (Lyric Video),Regular,none,10,Music,2021-11-12 05:00:10+00:00,267,4967903,115512,2847
UNckfN9upqo,Taylor Swift - Girl At Home (Taylor's Version) (Lyric Video),Regular,none,10,Music,2021-11-12 05:00:10+00:00,222,3755198,94584,2790
VN55tCajFYg,I Bet You Think About Me (Taylor's Version) (From The Vault) (Lyric Video),Regular,none,10,Music,2021-11-12 05:00:10+00:00,289,1404153,48957,1348
S4PuN-IWi2g,Taylor Swift - Holy Ground (Taylor's Version) (Lyric Video),Regular,none,10,Music,2021-11-12 05:00:09+00:00,207,4563196,95131,2185
LmXn6BU16e0,Taylor Swift - The Moment I Knew (Taylor's Version) (Lyric Video),Regular,none,10,Music,2021-11-12 05:00:08+00:00,284,5821000,114295,2695
PReSQYTFvcs,Taylor Swift - Better Man (Taylor's Version) (From The Vault) (Lyric Video),Regular,none,10,Music,2021-11-12 05:00:08+00:00,297,18849445,237273,5092
9boiT64sm0Q,Taylor Swift - 22 (Taylor's Version) (Lyric Video),Regular,none,10,Music,2021-11-12 05:00:04+00:00,232,14636451,290501,8689
AccGdO5XeZY,I Bet You Think About Me (Taylor's Version) (From The Vault) (Lyric Video),Regular,none,10,Music,2021-11-12 05:00:04+00:00,289,10490079,127225,2844
BZ-rLBkUZf4,All Too Well (10 Minute Version) (Taylor's Version) (From The Vault) (Lyric Video),Regular,none,10,Music,2021-11-12 05:00:04+00:00,613,38060262,416144,10459
D3mJe28un4M,Taylor Swift - State Of Grace (Acoustic Version) (Taylor's Version) (Lyric Video),Regular,none,10,Music,2021-11-12 05:00:04+00:00,320,2206850,64645,1424
3pj39qZZYoQ,Taylor Swift - Babe (Taylor's Version) (From The Vault) (Lyric Video),Regular,none,10,Music,2021-11-12 05:00:03+00:00,226,14111770,198792,4963
4LtQxA_ooLk,Taylor Swift - The Lucky One (Taylor's Version) (Lyric Video),Regular,none,10,Music,2021-11-12 05:00:03+00:00,237,4712803,140634,4646
9OQBDdNHmXo,Taylor Swift - All Too Well (Taylor's Version) (Lyric Video),Regular,none,10,Music,2021-11-12 05:00:03+00:00,331,21948478,323586,6840
-mrC5tRkxrY,Taylor Swift - State Of Grace (Taylor's Version) (Lyric Video),Regular,none,10,Music,2021-11-12 05:00:01+00:00,300,10202548,214143,7554
t0Yf43ONyNo,All Too Well (The Short Film) | Official Trailer,Short,none,10,Music,2021-11-05 12:52:19+00:00,31,1757116,201324,13243
CUr_UwUUXzU,Taylor Swift - Wildest Dreams (Taylor’s Version) (Official Audio),Regular,none,10,Music,2021-09-17 22:04:01+00:00,221,34929465,743370,21473
y8tF0yRl8-w,taylor swift - the lakes (original version) [audio],Regular,none,10,Music,2021-07-24 13:00:32+00:00,228,3914410,212105,13573
n0cde-Km05o,Taylor Swift - The Best Day (Taylor's Version) (Official Music Video),Regular,none,10,Music,2021-04-30 04:00:30+00:00,249,6355916,248458,8275
yuFuwXd-B9E,Taylor Swift - Bye Bye Baby (Taylor’s Version) (From The Vault) (Lyric Video),Regular,none,10,Music,2021-04-09 04:00:32+00:00,245,3728672,118133,4638
seU5y5EgIwk,Taylor Swift - We Were Happy (Taylor’s Version) (From The Vault),Regular,none,10,Music,2021-04-09 04:00:31+00:00,244,2926364,105732,4148
qsUK-BG5OQQ,Taylor Swift - Breathe (Taylor's Version) (Lyric Video) ft. Colbie Caillat,Regular,none,10,Music,2021-04-09 04:00:30+00:00,266,10348267,162659,5337
xSWVPqnKcXQ,Taylor Swift - Today Was A Fairytale (Taylor's Version) (Lyric Video),Regular,none,10,Music,2021-04-09 04:00:30+00:00,243,4354796,116368,3827
jwWR1cQTKyw,Taylor Swift - Change (Taylor's Version) (Lyric Video),Regular,none,10,Music,2021-04-09 04:00:28+00:00,279,3903784,93142,3397
vUHDR6Rg3Y4,Taylor Swift - Jump Then Fall (Taylor's Version) (Lyric Video),Regular,none,10,Music,2021-04-09 04:00:27+00:00,238,5814947,110650,2930
cwFbq-70EwE,Taylor Swift - Tell Me Why (Taylor's Version) (Lyric Video),Regular,none,10,Music,2021-04-09 04:00:25+00:00,202,4110785,92611,2373
tMhiHrL7rPE,Taylor Swift - Hey Stephen (Taylor's Version) (Lyric Video),Regular,none,10,Music,2021-04-09 04:00:23+00:00,257,9629158,170141,5660
RcGowZ26sE0,Taylor Swift - Forever & Always (Piano Version) (Taylor's Version) (Lyric Video),Regular,none,10,Music,2021-04-09 04:00:14+00:00,272,3081677,85099,2678
rLCol1C3ouc,Taylor Swift - Fifteen (Taylor's Version) (Lyric Video),Regular,none,10,Music,2021-04-09 04:00:12+00:00,295,9264887,224070,9354
vwp8Ur6tO-8,Taylor Swift - You Belong With Me (Taylor's Version) (Lyric Video),Regular,none,10,Music,2021-04-09 04:00:12+00:00,233,56194366,616943,15363
dHdAN4FXzmc,Taylor Swift - Don’t You (Taylor’s Version) (From The Vault) (Lyric Video),Regular,none,10,Music,2021-04-09 04:00:09+00:00,212,3466865,99967,3603
ePjcjLRHPOo,Taylor Swift - Come In With The Rain (Taylor's Version) (Lyric Video),Regular,none,10,Music,2021-04-09 04:00:08+00:00,238,2307207,67619,2596
T-41vMWQTUA,Taylor Swift - Forever & Always (Taylor's Version) (Lyric Video),Regular,none,10,Music,2021-04-09 04:00:06+00:00,226,7161930,134834,3356
IsCik8wznlU,Taylor Swift - Superstar (Taylor's Version) (Lyric Video),Regular,none,10,Music,2021-04-09 04:00:05+00:00,264,2472208,70781,3055
KZeI9I875Ig,Taylor Swift - The Best Day (Taylor's Version) (Lyric Video),Regular,none,10,Music,2021-04-09 04:00:05+00:00,249,9044712,220366,8258
7lLigiVgJsE,Taylor Swift - Fearless (Taylor's Version) (Lyric Video),Regular,none,10,Music,2021-04-09 04:00:04+00:00,245,53837291,442536,13285
DlexmDDSDZ0,Taylor Swift - The Way I Loved You (Taylor's Version) (Lyric Video),Regular,none,10,Music,2021-04-09 04:00:04+00:00,246,100811576,728586,9745
425n1NoRtgA,Taylor Swift - The Other Side Of The Door (Taylor’s Version) (Lyric Video),Regular,none,10,Music,2021-04-09 04:00:03+00:00,238,4634116,92511,2627
DNaSlUYIXBg,Taylor Swift - You're Not Sorry (Taylor's Version) (Lyric Video),Regular,none,10,Music,2021-04-09 04:00:03+00:00,263,10198258,180981,5065
8bNlGwnEUAs,Taylor Swift - Untouchable (Taylor's Version) (Lyric Video),Regular,none,10,Music,2021-04-09 04:00:02+00:00,316,8898468,136615,4571
9-rKvhsjwKU,Taylor Swift - White Horse (Taylor's Version) (Lyric Video),Regular,none,10,Music,2021-04-09 04:00:00+00:00,239,14402484,225509,8112
aOa6D6ku3dM,That’s When (Taylor’s Version) (From The Vault) (Lyric Video),Regular,none,10,Music,2021-04-09 04:00:00+00:00,192,4978274,126677,4997
rFjJs6ZjPe8,Taylor Swift - Mr. Perfectly Fine (Taylor’s Version) (From The Vault) (Lyric Video),Regular,none,10,Music,2021-04-07 13:00:19+00:00,278,48915492,705979,37612
XKaMUm7YwZc,Taylor Swift ft. Maren Morris - You All Over Me (From The Vault) (Official Lyric Video),Regular,none,10,Music,2021-03-26 04:00:06+00:00,223,9873104,353014,21955
FeTHyZJvozc,Taylor Swift - Love Story (Elvira Remix) (Taylor’s Version) (Official Audio),Regular,none,10,Music,2021-03-26 04:00:02+00:00,215,3075342,157413,8593
Uzii44SDYFA,Taylor Swift - cardigan / august / willow (Live From The 63rd GRAMMYs ® / 2021),Regular,none,10,Music,2021-03-15 23:44:03+00:00,325,10435006,568942,27591
aXzVF3XeS8M,Taylor Swift - Love Story (Taylor’s Version) [Official Lyric Video],Regular,none,10,Music,2021-02-12 05:00:00+00:00,241,64871233,1538447,92259
Ur_wAcYDnuA,Taylor Swift - right where you left me (Official Lyric Video),Regular,none,10,Music,2021-01-07 05:00:05+00:00,249,34158982,439948,16121
1iRbIYkccgw,Taylor Swift - it’s time to go (Official Lyric Video),Regular,none,10,Music,2021-01-07 05:00:01+00:00,258,12270179,304190,10392
iTNZ-OzBoBo,Taylor Swift - willow (moonlit witch version) - [yule log],Regular,none,10,Music,2020-12-17 21:53:54+00:00,209,1000090,34802,1405
H9rBt-8jiBE,Taylor Swift - willow (lonely witch version) - [yule log],Regular,none,10,Music,2020-12-17 20:45:11+00:00,188,696202,25863,1023
sViZJopFdYg,Taylor Swift - willow (dancing witch version) - [yule log],Regular,none,10,Music,2020-12-17 20:45:06+00:00,185,523761,27356,1480
qybUgW7eoZQ,Taylor Swift - willow - [yule log],Regular,none,10,Music,2020-12-17 20:00:29+00:00,215,823238,48187,3282
7XLW5CvDQ7E,Taylor Swift - willow (moonlit witch version),Regular,none,10,Music,2020-12-16 01:02:30+00:00,209,1650957,89992,3162
3CUM7Z3TSmY,Taylor Swift - willow (dancing witch version) - storyboards from the willow music video,Regular,none,10,Music,2020-12-15 18:09:59+00:00,188,1144937,69304,2655
CYHt7_RANiY,Taylor Swift - willow (lonely witch version) - music video behind the scenes,Regular,none,10,Music,2020-12-15 05:52:57+00:00,215,2748474,147328,4666
qAGef4MdPdE,Taylor Swift - willow - dancing witch version (Elvira remix),Regular,none,10,Music,2020-12-15 03:12:53+00:00,186,1917532,89379,4286
zI4DS5GmQWE,Taylor Swift - dorothea (Official Lyric Video),Regular,none,10,Music,2020-12-11 05:00:33+00:00,225,12737659,261526,9022
wMpqCRF7TKg,Taylor Swift - champagne problems (Official Lyric Video),Regular,none,10,Music,2020-12-11 05:00:30+00:00,248,70596438,646045,19002
ukxEKY_7MOc,Taylor Swift - tolerate it (Official Lyric Video),Regular,none,10,Music,2020-12-11 05:00:26+00:00,248,23797911,295450,8969
YPlNBb6I8qU,Taylor Swift - cowboy like me (Official Lyric Video),Regular,none,10,Music,2020-12-11 05:00:23+00:00,280,13696674,180788,6941
tP4TTgt4nb0,Taylor Swift - happiness (Official Lyric Video),Regular,none,10,Music,2020-12-11 05:00:22+00:00,318,11388283,210201,6752
rqQHa2HcGtM,Taylor Swift - long story short (Official Lyric Video),Regular,none,10,Music,2020-12-11 05:00:11+00:00,221,13292615,210060,5199
IEPomqor2A8,"Taylor Swift - no body, no crime (Official Lyric Video) ft. HAIM",Regular,none,10,Music,2020-12-11 05:00:10+00:00,218,28248371,442539,14623
RsEZmictANA,Taylor Swift - willow (Official Music Video),Regular,none,10,Music,2020-12-11 05:00:10+00:00,253,157855841,2476950,118273
hP6QpMeSG6s,Taylor Swift - marjorie (Official Lyric Video),Regular,none,10,Music,2020-12-11 05:00:09+00:00,258,16167334,339934,12216
c_p_TBaHvos,Taylor Swift - coney island (Lyric Video) ft. The National,Regular,none,10,Music,2020-12-11 05:00:08+00:00,278,14112046,182631,6514
9nIOx-ezlzA,Taylor Swift - ivy (Official Lyric Video),Regular,none,10,Music,2020-12-11 05:00:06+00:00,259,17173154,220725,7264
WuvhOD-mP8M,Taylor Swift - ‘tis the damn season (Official Lyric Video),Regular,none,10,Music,2020-12-11 05:00:05+00:00,236,17285907,231863,6055
Pz-f9mM3Ms8,Taylor Swift - gold rush (Official Lyric Video),Regular,none,10,Music,2020-12-11 05:00:03+00:00,189,18935372,281912,8848
EXLgZZE072g,Taylor Swift - evermore (Official Lyric Video) ft. Bon Iver,Regular,none,10,Music,2020-12-11 05:00:02+00:00,305,22310631,365644,11810
7EvwIw4gIyk,Taylor Swift - willow (Official Lyric Video),Regular,none,10,Music,2020-12-11 05:00:01+00:00,221,18267898,240878,4957
AIFnKqIeEdY,Taylor Swift - closure (Official Lyric Video),Regular,none,10,Music,2020-12-11 05:00:01+00:00,183,5516127,139611,4663
o5SQIECedTY,Taylor Swift - exile (folklore: the long pond studio sessions | Disney+) ft. Bon Iver,Regular,none,10,Music,2020-11-25 08:00:07+00:00,280,26723770,497479,19350
jgdFUoZzCI0,Taylor Swift – folklore: the long pond studio sessions | Official Trailer | Disney+,Regular,none,10,Music,2020-11-24 13:15:46+00:00,117,1574872,155409,11197
orXAg5dIMa8,Taylor Swift - betty (Live from the 2020 Academy of Country Music Awards),Regular,none,10,Music,2020-09-17 06:00:03+00:00,317,25404978,610661,29238
tOHcAc3r2kw,Taylor Swift - the lakes (Official Lyric Video),Regular,none,10,Music,2020-08-18 07:00:15+00:00,211,14184955,358270,15941
GPQdWYNi8Wc,Taylor Swift - The Making of 'cardigan' | Vevo Footnotes,Regular,none,10,Music,2020-08-17 16:00:31+00:00,276,3021701,127081,4364
i50QUXDeC80,Taylor Swift - cardigan (cabin in candlelight version / Visualizer),Regular,none,10,Music,2020-07-30 04:00:12+00:00,228,4633698,245142,2978
osdoLjUNFnA,Taylor Swift – exile (feat. Bon Iver) (Official Lyric Video),Regular,none,10,Music,2020-07-24 04:00:21+00:00,287,124342843,1290866,46174
ryLGxpjwAhM,Taylor Swift – hoax (Official Lyric Video),Regular,none,10,Music,2020-07-24 04:00:21+00:00,222,14317373,279352,8923
pEY-GPsru_E,Taylor Swift – seven (Official Lyric Video),Regular,none,10,Music,2020-07-24 04:00:17+00:00,210,23749792,323137,12112
nn_0zPAfyo8,Taylor Swift – august (Official Lyric Video),Regular,none,10,Music,2020-07-24 04:00:15+00:00,264,126578936,1098397,39492
zLSUp53y-HQ,Taylor Swift - cardigan (Official Lyric Video),Regular,none,10,Music,2020-07-24 04:00:11+00:00,241,42101273,451812,6610
HpxX4ZE4KWE,Taylor Swift – peace (Official Lyric Video),Regular,none,10,Music,2020-07-24 04:00:10+00:00,235,10970013,204968,6610
K-a8s8OLBSE,Taylor Swift - cardigan,Regular,none,10,Music,2020-07-24 04:00:09+00:00,275,209617457,3303159,149721
OWbDJFtHl3w,Taylor Swift – my tears ricochet (Official Lyric Video),Regular,none,10,Music,2020-07-24 04:00:06+00:00,257,53661172,510635,13304
9bdLTPNrlEg,Taylor Swift – this is me trying (Official Lyric Video),Regular,none,10,Music,2020-07-24 04:00:04+00:00,196,25759821,346322,9502
KaM1bCuG4xo,Taylor Swift – mirrorball (Official Lyric Video),Regular,none,10,Music,2020-07-24 04:00:04+00:00,210,30689066,341861,8784
MLV2SJKWk4M,Taylor Swift – illicit affairs (Official Lyric Video),Regular,none,10,Music,2020-07-24 04:00:04+00:00,192,30729436,319704,7564
OuFnpmGwg5k,Taylor Swift – invisible string (Official Lyric Video),Regular,none,10,Music,2020-07-24 04:00:04+00:00,254,31503883,344226,9564
6TAPqXkZW_I,Taylor Swift – betty (Official Lyric Video),Regular,none,10,Music,2020-07-24 04:00:03+00:00,296,32255129,427448,17382
KsZ6tROaVOQ,Taylor Swift - the 1 (Official Lyric Video),Regular,none,10,Music,2020-07-24 04:00:03+00:00,212,63168987,703609,19859
6DP4q_1EgQQ,Taylor Swift – mad woman (Official Lyric Video),Regular,none,10,Music,2020-07-24 04:00:02+00:00,239,14726446,261832,8494
DUnDkI7l9LQ,Taylor Swift – epiphany (Official Lyric Video),Regular,none,10,Music,2020-07-24 04:00:02+00:00,291,13143127,237371,9785
2s5xdY6MCeI,Taylor Swift - the last great american dynasty (Official Lyric Video),Regular,none,10,Music,2020-07-24 04:00:01+00:00,232,30156666,366125,11860
Vgt1d3eAm7A,Taylor Swift - Cornelia Street (Live From Paris),Regular,none,10,Music,2020-06-22 10:00:21+00:00,302,14244697,288701,11180
rqsmrSyLTNM,Taylor Swift - Death By A Thousand Cuts (Live From Paris),Regular,none,10,Music,2020-05-18 02:00:11+00:00,201,4355298,88516,2632
JSD4XCBWzvs,Taylor Swift - Daylight (Live From Paris),Regular,none,10,Music,2020-05-18 02:00:03+00:00,264,2771944,69594,2276
d_2WyBcFbFY,Taylor Swift - The Archer (Live From Paris),Regular,none,10,Music,2020-05-18 02:00:03+00:00,212,936383,28444,1038
DIMDgq_MYJs,Taylor Swift - ME! (Live From Paris),Regular,none,10,Music,2020-05-18 02:00:02+00:00,215,756604,32787,1413
Uxg-ivPGusQ,Taylor Swift - You Need To Calm Down (Live From Paris),Regular,none,10,Music,2020-05-18 02:00:02+00:00,205,626566,26824,1051
3xGvCApIEQY,Taylor Swift - Cornelia Street (Live From Paris),Regular,none,10,Music,2020-05-18 02:00:00+00:00,298,8379643,128863,4790
a4iTHPwioEc,Taylor Swift - Lover (Live From Paris),Regular,none,10,Music,2020-05-18 02:00:00+00:00,231,1142284,38588,1423
Tj6qU4dlKeA,Taylor Swift - Fearless (Live From Clear Channel Stripped 2008 / Audio),Regular,none,10,Music,2020-04-24 04:00:21+00:00,204,39029,416,56
kX6h4gDYLzM,Taylor Swift - Picture To Burn (Live From Clear Channel Stripped 2008 / Audio),Regular,none,10,Music,2020-04-24 04:00:17+00:00,179,4394,66,12
o_CgCUINYmQ,Taylor Swift - Untouchable (Live From Clear Channel Stripped 2008 / Audio),Regular,none,10,Music,2020-04-24 04:00:17+00:00,229,12104,149,23
IQL1vIP9sos,Taylor Swift - The Man (Behind The Scenes: The Umpire),Short,none,10,Music,2020-03-20 18:01:06+00:00,52,885579,42701,1156
mxtUnuldKgc,Taylor Swift - The Man (Behind The Scenes: Directing),Regular,none,10,Music,2020-03-10 12:45:00+00:00,250,2191899,111431,3355
a5gXfaAFPOM,Taylor Swift - The Man (Becoming The Man: Behind The Scenes),Regular,none,10,Music,2020-03-06 13:15:00+00:00,195,4298388,206894,6646
AqAJLh9wuZ0,Taylor Swift - The Man (Official Video),Regular,none,10,Music,2020-02-27 12:00:11+00:00,255,111345859,2231173,113804
F3aXpa1rQEY,Taylor Swift - The Man (Live From Paris),Regular,none,10,Music,2020-02-18 05:00:02+00:00,224,8967171,326254,9406
tbEekLA7J3Y,Taylor Swift - The Man (Lyric Video),Regular,none,10,Music,2020-02-07 17:00:20+00:00,200,34204396,688430,19993
GJU-S1t2r1M,Taylor Swift - Only The Young (Featured in Miss Americana / Lyric Video),Regular,none,10,Music,2020-01-31 09:00:06+00:00,159,14317534,401800,16500
40RsbcFRwNA,Miss Americana | Official Trailer,Regular,none,10,Music,2020-01-22 15:45:12+00:00,123,8191655,394038,14461
O2Irnn7F1PM,Taylor Swift - The Making Of Christmas Tree Farm,Regular,none,10,Music,2019-12-23 14:00:49+00:00,283,2770602,132890,5327
hNHBVaFueYw,How To Be A Cat,Regular,none,10,Music,2019-12-16 18:43:56+00:00,154,1741676,166332,4599
mN3rDTAdM2o,Taylor Swift - Christmas Tree Farm,Regular,none,10,Music,2019-12-06 05:00:10+00:00,225,22467510,702599,27531
Ozk8xq0Lp1g,Taylor Swift - Christmas Tree Farm (Lyric Video),Regular,none,10,Music,2019-12-06 05:00:06+00:00,228,4359882,136944,4257
SVY8I46dkb0,Taylor Swift - Live at the 2019 American Music Awards,Regular,none,10,Music,2019-11-27 04:39:20+00:00,700,116919541,2215114,75332
KmT4Y8w1nho,Taylor Swift - Lover (First Dance Remix),Regular,none,10,Music,2019-11-26 05:02:00+00:00,234,4276896,170781,6757
RGJFqm1BnP4,Taylor Swift - Lover Remix Feat. Shawn Mendes (Snow Globe Lyric Video),Regular,none,10,Music,2019-11-22 22:35:17+00:00,230,2684157,113961,2460
trIjpVH8h88,"Taylor Swift - Beautiful Ghosts (From The Motion Picture ""Cats"" / Lyric Video)",Regular,none,10,Music,2019-11-15 05:00:10+00:00,262,8068877,324494,14695
b5Zay_Hd_7Q,Taylor Swift - Lover Remix Feat. Shawn Mendes (Lyric Video),Regular,none,10,Music,2019-11-13 12:27:46+00:00,222,65994697,1041504,27315
kjD3LoXp-Pw,"Taylor Swift - ""False God"" (Live on Saturday Night Live / 2019)",Regular,none,10,Music,2019-10-07 20:54:40+00:00,243,6186576,214244,5326
dmipFjOtMA8,"Taylor Swift - ""Lover"" (Live on Saturday Night Live / 2019)",Regular,none,10,Music,2019-10-07 20:51:29+00:00,242,4852654,175607,4633
hKcEdTPOGGw,Lover Album Photoshoot: Behind The Scenes,Regular,none,10,Music,2019-08-23 16:03:43+00:00,122,2491762,62394,1767
pHoHDNxay3A,Taylor Swift - The Man (Official Audio),Regular,none,10,Music,2019-08-23 04:00:11+00:00,192,24258268,250662,7341
u9raS7-NisU,Taylor Swift - Daylight (Official Audio),Regular,none,10,Music,2019-08-23 04:00:07+00:00,295,94983399,703521,14148
eaP1VswBF28,Taylor Swift - It’s Nice To Have A Friend (Official Audio),Regular,none,10,Music,2019-08-23 04:00:06+00:00,152,8194102,142641,6062
ic8j13piAhQ,Taylor Swift - Cruel Summer (Official Audio),Regular,none,10,Music,2019-08-23 04:00:06+00:00,180,261890094,1603217,42216
p1cEvNn88jM,Taylor Swift - I Forgot That You Existed (Official Audio),Regular,none,10,Music,2019-08-23 04:00:06+00:00,172,30338259,340195,8271
Kwf7P2GNAVw,Taylor Swift - Miss Americana & The Heartbreak Prince (Official Audio),Regular,none,10,Music,2019-08-23 04:00:05+00:00,236,42033764,342313,9560
tMoW5G5LU08,Taylor Swift - Soon You’ll Get Better (Official Audio) ft. The Chicks,Regular,none,10,Music,2019-08-23 04:00:05+00:00,203,10512185,171081,6685
GTEFSuFfgnU,Taylor Swift - Death By A Thousand Cuts (Official Audio),Regular,none,10,Music,2019-08-23 04:00:03+00:00,200,18441325,185527,4367
VikHHWrgb4Y,Taylor Swift - Cornelia Street (Official Audio),Regular,none,10,Music,2019-08-23 04:00:03+00:00,289,57629615,330193,8926
VsKoOH6DVys,Taylor Swift - London Boy (Official Audio),Regular,none,10,Music,2019-08-23 04:00:03+00:00,192,41274339,325112,12736
8zdg-pDF10g,Taylor Swift - Paper Rings (Official Audio),Regular,none,10,Music,2019-08-23 04:00:02+00:00,224,52549543,511581,9806
2d1wKn-oJnA,Taylor Swift - I Think He Knows (Official Audio),Regular,none,10,Music,2019-08-23 04:00:01+00:00,175,20328632,218124,5815
acQXa5ArHIk,Taylor Swift - False God (Official Audio),Regular,none,10,Music,2019-08-23 04:00:01+00:00,202,16664810,174400,4407
8HxbqAsppwU,Taylor Swift - Afterglow (Official Audio),Regular,none,10,Music,2019-08-23 04:00:00+00:00,225,32917162,313375,6845
gRIWxlehJVg,"Taylor’s Diary -  Discusses Getting Her First Cat Meredith Grey, Tour and Middle School",Regular,none,10,Music,2019-08-23 00:06:18+00:00,124,120951,8421,177
iyYhqYELWtA,Taylor Swift Answers Questions From Fans From Lover’s Lounge Live,Regular,none,10,Music,2019-08-23 00:05:52+00:00,365,314487,21794,631
UY3UfH-ittk,Taylor’s Diary - My 13 Year Old Self (Exclusive Reading from Deluxe Edition Lover Album),Regular,none,10,Music,2019-08-23 00:05:21+00:00,117,267199,19871,488
1qwxqyac0Z8,Taylor Swift - The Archer First Ever Live Performance,Regular,none,10,Music,2019-08-23 00:04:42+00:00,241,415560,35493,1237
dDO6HnY7h24,Taylor Swift - Lover's Lounge (Live),Regular,none,10,Music,2019-08-22 21:47:44+00:00,2023,16320364,0,4544
-BjZmE2gtdo,Taylor Swift - Lover (Official Music Video),Regular,none,10,Music,2019-08-22 21:30:09+00:00,239,333334126,3912490,107886
cvUAzpn48xA,Taylor Swift - Lover (Official Lyric Video),Regular,none,10,Music,2019-08-16 04:00:05+00:00,230,53716215,911334,42313
PWdT2ONbJbc,Taylor Swift - Livestream Announcement (8/22/19 @ 5pm EST),Short,none,10,Music,2019-08-15 18:06:59+00:00,40,13834948,78976,4737
8KpKc3C9V3w,Taylor Swift - The Archer (Lyric Video),Regular,none,10,Music,2019-07-23 21:15:00+00:00,220,43749449,742642,39030
SYd0pYqOJqA,You Need To Calm Down Behind The Scenes: Friends & Neighbors,Regular,none,10,Music,2019-07-18 15:50:29+00:00,182,2304441,102957,2369
s4MN_hGvTCA,You Need To Calm Down Behind The Scenes: Morning Routine,Regular,none,10,Music,2019-07-09 13:42:45+00:00,181,3513879,146342,4356
6MLzSp0OJL0,You Need To Calm Down Behind The Scenes: Pop Queen Pageant,Regular,none,10,Music,2019-06-20 15:00:01+00:00,175,3225066,166290,4483
Dkk9gvTmCXY,Taylor Swift - You Need To Calm Down,Regular,none,10,Music,2019-06-17 12:13:12+00:00,211,371792078,4797810,251625
GWtfOHBF1_w,Taylor Swift - You Need To Calm Down (Lyric Video),Regular,none,10,Music,2019-06-14 04:00:04+00:00,178,35371531,828466,50851
MA0HQG9J9Yk,Taylor Swift - ME! (Live on The Graham Norton Show),Regular,none,10,Music,2019-05-24 22:40:37+00:00,203,5925603,166951,6806
_zUCMfYkgj0,Taylor Swift - ME! (Live on The Voice / 2019) ft. Brendon Urie,Regular,none,10,Music,2019-05-22 03:00:05+00:00,204,13284958,417524,12002
bqOfdv9i4sE,ME! (feat. Brendon Urie of Panic! At The Disco) (Live From The Billboard Music Awards / 2019),Regular,none,10,Music,2019-05-02 05:32:27+00:00,257,77910151,1624778,54893
S--WI8PUVVo,Taylor Swift - ME! (feat. Brendon Urie of Panic! At The Disco) (Lyric Video) ft. Brendon Urie,Regular,none,10,Music,2019-05-01 20:25:01+00:00,195,10804500,254751,7477
lj2mZ8zDToY,ME! Behind The Scenes: Je Suis Calme,Regular,none,10,Music,2019-05-01 19:25:22+00:00,197,5269626,210807,6092
MUf1ili4Zew,ME! Behind The Scenes: The Story of Benjamin Button,Regular,none,10,Music,2019-04-30 10:11:11+00:00,189,7168920,314441,10965
FuXNumBwDOM,Taylor Swift - ME! (feat. Brendon Urie of Panic! At The Disco) ft. Brendon Urie,Regular,none,10,Music,2019-04-26 03:58:13+00:00,249,448062229,6407332,438580
HIb_TlK2HAI,Taylor Swift reputation Stadium Tour | Official Trailer | Netflix,Regular,none,10,Music,2018-12-13 13:08:05+00:00,83,5778418,216279,14982
RamgJyJsep4,Taylor Swift and Robbie Williams - Angels - reputation Stadium Tour,Regular,none,10,Music,2018-06-24 23:44:04+00:00,96,6547547,96973,4111
MBR2kxt7RK8,Taylor Swift - Delicate (Vertical Version),Regular,none,10,Music,2018-05-15 21:02:41+00:00,235,7761042,246727,10087
aoYhTov8jsY,Taylor Swift reputation Stadium Tour - Official Merch,Short,none,10,Music,2018-05-01 23:26:41+00:00,31,517522,41724,2316
RMW3fAructY,Taylor Swift reputation Stadium Tour // Trailer 2,Short,none,10,Music,2018-04-05 21:06:54+00:00,31,434130,29371,2097
zGSneb3McDo,Delicate Music Video Dance Rehearsal Part 2,Short,none,10,Music,2018-03-13 21:35:45+00:00,58,2441071,92845,1812
sEr7bAtZ8rY,Delicate Music Video Dance Rehearsal Part 1,Regular,none,10,Music,2018-03-13 21:28:05+00:00,61,9047978,184806,4023
tCXGJQYZ9JA,Taylor Swift - Delicate,Regular,none,10,Music,2018-03-12 01:15:10+00:00,235,585106648,4666262,211597
VA7Y_Psp5l4,End Game - Behind The Scenes,Regular,none,10,Music,2018-02-09 16:01:53+00:00,302,2431256,105326,3753
dfnCAmr569k,"Taylor Swift - End Game ft. Ed Sheeran, Future",Regular,none,10,Music,2018-01-12 05:00:01+00:00,252,310662381,3456668,178749
MvIwx0JThsk,"Taylor Swift, BloodPop® - ...Ready For It?",Regular,none,10,Music,2017-12-14 16:00:02+00:00,193,9981646,304713,11377
66kn6Dcr12E,Taylor Swift's reputation Stadium Tour - Trailer,Short,none,10,Music,2017-12-13 15:00:00+00:00,31,565077,33469,2154
GZeza5xTeuM,Taylor Swift - …Ready for It? (BloodPop® Remix) (Audio),Regular,none,10,Music,2017-12-06 20:03:12+00:00,190,3871065,46759,2168
oWVYzCPs3nE,TaylorSwiftVEVO Live Stream,Upcoming Live,upcoming,10,Music,2017-12-01 21:00:48+00:00,0,0,62,1
eQVhAN7-IAw,The Making of a Song: “Delicate” – watch more on Taylor Swift NOW,Regular,none,10,Music,2017-11-15 03:43:47+00:00,233,5090143,200103,5176
kGOmPmILndU,The reputation Secret Sessions,Regular,none,10,Music,2017-11-07 13:30:04+00:00,166,3440211,155270,6470
V54CEElTF_U,Taylor Swift - Call It What You Want (Lyric Video),Regular,none,10,Music,2017-11-03 04:00:01+00:00,207,123940753,1249628,53471
wIft-t-MQuE,Taylor Swift - …Ready For It?,Regular,none,10,Music,2017-10-27 04:00:03+00:00,211,377820858,3980289,209543
GU5_g8Tmiv8,...Ready For It? Trailer,Short,none,10,Music,2017-10-23 14:17:17+00:00,16,3779090,97454,7691
EUoe7cf0HYw,Taylor Swift - Gorgeous (Lyric Video),Regular,none,10,Music,2017-10-20 04:01:22+00:00,212,180921406,1594916,75133
np4Nw0tBun8,Look What You Made Me Do - Looks,Regular,none,10,Music,2017-10-17 21:32:17+00:00,166,2110798,90820,1831
71QPEkD9PhM,Look What You Made Me Do - Stream Co.,Regular,none,10,Music,2017-09-27 14:51:30+00:00,97,886535,23931,509
e7HLU5-0VU4,Taylor Swift Live Stream,Upcoming Live,upcoming,10,Music,2017-09-26 22:54:35+00:00,0,0,95,0
jJeK0p1LanY,Look What You Made Me Do - The Birdcage,Regular,none,10,Music,2017-09-21 14:56:22+00:00,328,818892,25147,952
BKCmxyohzww,Look What You Made Me Do - Zombie Transformation,Regular,none,10,Music,2017-09-21 13:16:00+00:00,331,7429399,139340,3958
XF_ARz7jTUw,Look What You Made Me Do: Taylor Mountain,Regular,none,10,Music,2017-09-20 20:03:01+00:00,424,8250547,208587,4799
T62maKYX9tU,Taylor Swift - ...Ready For It? (Audio),Regular,none,10,Music,2017-09-03 12:07:45+00:00,209,67793337,611881,43991
3tmd-ClpJxA,Taylor Swift - Look What You Made Me Do,Regular,none,10,Music,2017-08-28 00:30:22+00:00,256,1547540866,13676397,761075
iM_j8_AZJW4,"Official ""Look What You Made Me Do"" Video Teaser Clip",Short,none,10,Music,2017-08-25 12:34:35+00:00,21,4933219,114979,5855
3K0RzZGpyds,Taylor Swift - Look What You Made Me Do (Lyric Video),Regular,none,10,Music,2017-08-25 03:44:23+00:00,215,153771542,2204771,197446
J37Pitvp7RI,"Rehearsing ""I Don't Wanna Live Forever (Fifty Shades Darker)"" for DIRECTV NOW Super Saturday Night",Regular,none,10,Music,2017-02-02 15:13:11+00:00,82,1174479,34349,2016
fJBFvNiJ4Kw,"First time hearing ""I Don't Wanna Live Forever (Fifty Shades Darker)"" on the radio",Short,none,10,Music,2017-02-01 20:03:05+00:00,49,2940961,160671,4669
dwdtzwua2pY,"Taylor Swift, ZAYN - I Don’t Wanna Live Forever (Fifty Shades Darker) BTS 4 – Glitter Lip [EXTENDED]",Regular,none,10,Music,2017-02-01 18:30:00+00:00,90,3149526,71402,2399
QIUWI7dfnC0,I Don't Wanna Live Forever (Fifty Shades Darker) BTS 1 - Zayn & Taylor [EXTENDED],Regular,none,10,Music,2017-01-27 21:50:35+00:00,80,6372025,188884,4761
OsJ5RyWpY5w,I Don't Wanna Live Forever (Fifty Shades Darker) BTS 2 - Key Light? [EXTENDED],Regular,none,10,Music,2017-01-27 21:43:14+00:00,96,967102,31607,622
7F37r50VUTQ,"ZAYN, Taylor Swift - I Don’t Wanna Live Forever (Fifty Shades Darker)",Regular,none,10,Music,2017-01-27 05:00:30+00:00,257,762663923,5351826,136294
wyK7YuwUWsU,Taylor Swift - New Romantics,Regular,none,10,Music,2016-04-13 14:31:00+00:00,262,131893721,1172986,61470
TXJlB9riS1Y,Taylor Swift - Out Of The Woods – The Making Of,Regular,none,10,Music,2016-02-09 16:55:00+00:00,296,8556414,216818,7726
p1Zt47V3pPw,"Taylor performs ""Blank Space"" at The GRAMMY Museum",Regular,none,10,Music,2016-01-07 21:03:14+00:00,357,23945403,475712,13662
OGDkg3QiJmk,"Taylor Performs ""Wildest Dreams"" at The GRAMMY Museum",Regular,none,10,Music,2016-01-05 02:34:16+00:00,246,24188727,426386,13883
JLf9q36UsBk,Taylor Swift - Out Of The Woods,Regular,none,10,Music,2016-01-01 03:51:00+00:00,257,207284142,2019232,129157
IdneKLhsWOQ,Taylor Swift - Wildest Dreams,Regular,none,10,Music,2015-08-31 00:55:00+00:00,235,984360202,5659614,239044
QcIy9NiNbmo,Taylor Swift - Bad Blood ft. Kendrick Lamar,Regular,none,10,Music,2015-05-18 04:00:00+00:00,245,1667989735,10318317,474856
bKBJhghRfEk,#STYLEmemories One,Short,none,10,Music,2015-02-19 03:15:26+00:00,15,256907,10037,317
cM2CXMcG5w8,#STYLEmemories Two,Short,none,10,Music,2015-02-19 03:15:08+00:00,15,248233,10018,265
-CmadmM5cOk,Taylor Swift - Style,Regular,none,10,Music,2015-02-13 13:20:01+00:00,243,920951467,4385289,167961
j3yyF31jbKo,Taylor Swift's Gift Giving of 2014 | SWIFTMAS,Regular,none,10,Music,2014-12-31 18:14:42+00:00,372,20130776,187898,16692
BxZi6jC2JAI,"Behind The Fragrance, Taylor Swift Incredible Things featuring Taylor Swift (Behind The Scenes)",Regular,none,10,Music,2014-12-15 17:13:20+00:00,84,514895,19327,601
e-ORhEE9VVg,Taylor Swift - Blank Space,Regular,none,10,Music,2014-11-10 17:05:44+00:00,273,3698079595,16327044,683487
JggOSZFlk0U,Taylor Swift's The 1989 World Tour,Short,none,10,Music,2014-11-03 13:39:39+00:00,15,727149,10943,1051
81doBkpkdJQ,"Preview ""Welcome To New York"" by Taylor Swift",Short,none,10,Music,2014-10-20 11:51:39+00:00,31,2138137,19034,1464
xVKTOX3vMKM,"Taylor Swift talks about ""Welcome to New York""",Short,none,10,Music,2014-10-20 11:51:21+00:00,58,640005,11762,334
EKnl7STzSMU,"1989 Secret Sessions, Behind The Scenes!",Regular,none,10,Music,2014-10-16 23:09:25+00:00,274,3802003,92462,5144
DqZOcABIgTk,Taylor Swift - Shake It Off Outtakes Video #8 - The Director,Regular,none,10,Music,2014-10-15 04:01:00+00:00,221,10952383,91828,1987
M-M5SW8QvmY,"Taylor Swift Talks About ""Out Of The Woods""",Regular,none,10,Music,2014-10-13 12:20:13+00:00,72,1410569,24059,1057
s8h0tZy0HqA,"Taylor Swift - Shake It Off Outtakes Video #7 - The Band, The Fans and The Extras",Regular,none,10,Music,2014-10-08 04:00:02+00:00,253,6636416,57081,1380
AoYtgGHfsG4,Taylor Swift Ice Bucket Challenge with Jamie King,Short,none,29,Nonprofits & Activism,2014-10-06 20:08:47+00:00,55,659924,41156,1351
bs5SZOHowHI,Taylor Swift - Shake It Off Outtakes Video #6 - The Ribbon Dancers (Behind The Scenes Video),Regular,none,10,Music,2014-10-01 04:01:01+00:00,220,4930915,46242,1465
70Ps-GzbSfw,Shake It Off Outtakes Video #5 - The Twerkers and Finger Tutting (Behind-The-Scenes Video),Regular,none,10,Music,2014-09-24 04:01:00+00:00,240,8049192,60866,1845
vMWpIfxvnWo,Taylor Swift - Shake It Off Outtakes Video #4 - The Animators (Behind The Scenes Video),Regular,none,10,Music,2014-09-17 04:01:00+00:00,238,6289926,56322,1498
TEpTNFHHjNg,Taylor Swift - Shake It Off Outtakes Video #1 - The Cheerleaders (Behind The Scenes Video),Regular,none,10,Music,2014-09-12 04:01:00+00:00,232,18553288,168416,3962
kY-_D-IptZE,Taylor Swift - Shake It Off Outtakes Video #2 - The Ballerinas (Behind The Scenes Video),Regular,none,10,Music,2014-09-12 04:01:00+00:00,224,10470137,90932,2039
zdYy6-P_ggQ,Taylor Swift - Shake It Off Outtakes Video #3 - The Modern Dancers (Behind The Scenes Video),Regular,none,10,Music,2014-09-12 04:01:00+00:00,241,5285513,56976,1092
1D5E5KLkfsI,Taylor Swift's Worldwide Live Stream on Yahoo - Highlights,Regular,none,10,Music,2014-08-19 06:54:29+00:00,211,426821,8466,316
nfWlot6h_JM,Taylor Swift - Shake It Off,Regular,none,10,Music,2014-08-18 21:18:00+00:00,242,3608415204,13985436,598790
J1LMp-jEH_k,Surprising Gena,Regular,none,10,Music,2014-04-16 22:44:24+00:00,271,3577909,59452,3730
UfRqjF_8IqQ,Taylor Swift RED Tour Asia announcement,Short,none,10,Music,2014-02-13 05:46:11+00:00,42,275358,7487,1251
kpzwfS5x068,Taylor Swift Fragrances Made Of Starlight Musical Edition,Short,none,10,Music,2013-12-05 21:24:59+00:00,31,503713,12994,369
QuijXg8wm28,Taylor Swift - The Last Time ft. Gary Lightbody,Regular,none,10,Music,2013-11-16 01:06:06+00:00,228,51248091,377926,10972
DJXfSaOJXOQ,Taylor Swift RED Tour Nashville Week,Regular,none,10,Music,2013-10-08 22:41:00+00:00,528,965049,16589,1085
SvEbXNgvXWY,Taylor Swift RED Tour London announcement,Short,none,10,Music,2013-09-30 06:05:16+00:00,50,210339,4709,1209
FTA4kzsTmxc,Taylor Swift and Jennifer Lopez: Jenny from the Block,Regular,none,10,Music,2013-09-12 21:34:41+00:00,356,13302418,117910,3632
6wEVDvnqQOM,Behind the scenes of Taylor Swift's week at Staples Center,Regular,none,10,Music,2013-09-06 16:35:47+00:00,426,824100,14689,1022
Ac7wMLgLtpY,Taylor Swift on Style: Outtakes,Regular,none,10,Music,2013-08-16 15:57:47+00:00,94,187547,4511,259
41Zxe-tqjoE,Taylor Swift on Style: Part 4,Regular,none,10,Music,2013-08-14 17:23:18+00:00,110,115615,2931,135
y9yIBAmBDtk,Taylor Swift on Style: Part 3,Regular,none,10,Music,2013-08-12 15:13:58+00:00,92,127909,3515,204
EuT6nQvdcpo,"Q&A with Taylor on Taylor By Taylor Swift, the fragrance",Short,none,10,Music,2013-08-01 22:14:56+00:00,37,247827,5958,420
C2giKOnk588,#HiFromTaylor Teaser,Short,none,10,Music,2013-07-30 14:37:58+00:00,9,153574,4368,401
y7CsaOF3S5c,Taylor Swift and Carly Simon: You're So Vain,Regular,none,10,Music,2013-07-29 15:59:25+00:00,149,1345746,23924,1119
xmauy4h3rPg,Welcome to the Official Taylor Swift YouTube Channel!,Short,none,10,Music,2013-07-25 14:58:57+00:00,59,106495,3899,439
Zlot0i3Zykw,Taylor Swift - Red,Regular,none,10,Music,2013-07-03 20:55:08+00:00,242,253708272,1517366,63910
YUSPwqd4674,Taylor by Taylor Swift Fragrance Video Part 1,Short,none,10,Music,2013-07-01 11:07:59+00:00,31,654202,10467,1028
LGA54hn8uwU,Taylor By Taylor Swift commercial: sneak peek,Short,none,24,Entertainment,2013-06-13 18:02:25+00:00,20,349406,12550,985
YfPfgZjhH1w,Britain's Got Talent performance: Everything Has Changed,Regular,none,10,Music,2013-06-12 16:20:01+00:00,371,2912133,75400,2957
w1oM3kQpXRo,Taylor Swift - Everything Has Changed ft. Ed Sheeran,Regular,none,10,Music,2013-06-06 04:07:16+00:00,252,425626361,3315998,157681
1hdDXzS63SY,Taylor Swift - Billboard Milestone Award,Short,none,24,Entertainment,2013-05-15 17:01:30+00:00,47,109323,3770,388
JgkCFCOAn48,The RED Tour Australia/New Zealand Announcement!,Short,none,10,Music,2013-05-08 13:58:36+00:00,50,239540,5506,1759
GDdVOpZkqRI,Vote Taylor Swift ACM Entertainer of the Year: VoteACM.com,Short,none,10,Music,2013-04-06 00:39:56+00:00,56,129364,4125,490
NZnRUnOQZWU,"""Red"" Guitar Solo from RED Tour Opening Night",Short,none,10,Music,2013-03-15 21:28:24+00:00,32,478189,11483,857
3H21433WdtU,"""Holy Ground"" Live on the RED Tour!",Short,none,10,Music,2013-03-15 21:22:06+00:00,45,359495,8993,676
Nx-5bHeC6xo,"""Sparks Fly"" (acoustic) Live on the RED Tour!",Short,none,10,Music,2013-03-15 21:08:37+00:00,49,769394,19248,941
ueZmiOaDDlU,What Fans Can Expect on the RED Tour,Short,none,10,Music,2013-03-15 20:51:38+00:00,42,174163,5020,523
AgFeZr5ptV8,Taylor Swift - 22,Regular,none,10,Music,2013-03-13 15:25:06+00:00,243,711469794,3525915,293443
rghH6QlT5a0,"""I Knew You Were Trouble."" Behind-The-Scenes #1",Regular,none,10,Music,2013-02-05 21:50:27+00:00,162,959366,20060,878
jinbX0hwYOo,"""I Knew You Were Trouble."" Behind-The-Scenes #3",Regular,none,10,Music,2013-02-05 21:31:21+00:00,217,423040,10752,486
sIjKXPXjVxU,"""I Knew You Were Trouble."" Behind-The-Scenes #2",Regular,none,10,Music,2013-02-05 21:30:26+00:00,234,438474,10504,410
LyoTb3fxEnU,Some extraordinary news...,Short,none,24,Entertainment,2013-01-27 20:59:07+00:00,45,1178487,19699,3139
2obMo7y-rvA,Taylor Swift - Acoustic Performances from RED Album,Regular,none,24,Entertainment,2012-12-17 17:18:21+00:00,927,10812376,212884,11062
vNoKguSdy4Y,Taylor Swift - I Knew You Were Trouble,Regular,none,10,Music,2012-12-14 22:15:07+00:00,358,536170862,3845459,273205
OZJdxFEdjSU,VH1 StoryTellers - Taylor Swift - Nov 11 @ 11/10c,Short,none,24,Entertainment,2012-11-07 17:26:22+00:00,16,201287,4017,270
BktS1hkMx_k,Taylor Swift - We Are Never Ever Getting Back Together (Live from New York City),Regular,none,10,Music,2012-11-06 00:00:26+00:00,205,13617886,109757,5078
gQ0pP2z9niw,Taylor Swift - Red (Live from New York City),Regular,none,10,Music,2012-11-06 00:00:26+00:00,228,16045834,140175,7297
tvnGBYMe9gM,Taylor Swift - You Belong With Me (Live from New York City),Regular,none,10,Music,2012-11-06 00:00:26+00:00,234,8872235,93880,3429
RQuY8kERaU0,Taylor Swift - Mean (Live from New York City),Regular,none,10,Music,2012-11-06 00:00:25+00:00,253,6132452,68724,2632
cQ5tlnGg4wc,Taylor Swift - Begin Again (Live from New York City),Regular,none,10,Music,2012-11-06 00:00:25+00:00,249,4489812,60307,2799
yfWgXcrNQIw,Taylor Swift - Love Story (Live from New York City),Regular,none,10,Music,2012-11-06 00:00:25+00:00,244,18136874,254296,5974
qbx_wdqaeV0,"""Starlight"" Song Preview from RED - Now Available",Regular,none,10,Music,2012-11-02 14:48:28+00:00,88,185343,2900,254
dgzN0Puq_hE,"""Everything Has Changed"" Song Preview from RED - Now Available",Regular,none,10,Music,2012-11-01 20:36:58+00:00,93,188910,2377,223
75NpXm04S1I,"""The Lucky One"" Song Preview from RED - Now Available",Regular,none,10,Music,2012-10-31 18:41:09+00:00,72,212698,2228,220
oo1CoPXIOuI,"""Sad Beautiful Tragic"" Song Preview from RED - Now Available",Regular,none,10,Music,2012-10-30 16:54:49+00:00,102,202899,2047,147
Rcex4Nw6Z9U,"""Holy Ground"" Song Preview from RED - Now Available",Regular,none,10,Music,2012-10-29 19:21:18+00:00,108,124602,2183,208
5FODVFJZlTg,"Taylor Swift - #VevoCertified, Pt. 5: You Belong With Me (Taylor Commentary)",Regular,none,10,Music,2012-10-29 15:45:07+00:00,255,1807948,18628,1580
Eo2D8Ez3WAo,"Taylor Swift - #VevoCertified, Pt. 4: Taylor Superfans aka Swifties",Regular,none,10,Music,2012-10-29 15:45:07+00:00,188,652433,6742,928
FNWq-pr5ON8,"Taylor Swift - #VevoCertified, Pt. 6: Mine (Taylor Commentary)",Regular,none,10,Music,2012-10-29 15:45:07+00:00,257,852225,11665,723
XdalCja4TK8,"Taylor Swift - #VEVOCertified, Pt. 7: Love Story (Taylor Commentary)",Regular,none,10,Music,2012-10-29 15:45:07+00:00,271,1080792,14161,927
YcuEHj-Nr58,"Taylor Swift - #VEVOCertified, Pt. 2: Taylor On Making Music Videos",Regular,none,10,Music,2012-10-29 15:45:07+00:00,163,781544,10037,439
ehLp0cjqkRk,"Taylor Swift - #VEVOCertified, Pt. 3: Taylor Talks About Her Fans",Regular,none,10,Music,2012-10-29 15:45:07+00:00,141,810040,12501,841
sWgxCBXn2Y0,"Taylor Swift - #VevoCertified, Pt. 1: Award Presentation",Regular,none,10,Music,2012-10-29 15:45:07+00:00,134,3550628,16597,1646
YoJj-5nAGpM,Taylor Swift's RED Tour Announcement!,Regular,none,10,Music,2012-10-27 01:56:56+00:00,63,528923,10490,3217
TGslPGte8Mw,"""Stay Stay Stay"" Song Preview from RED - Now Available",Regular,none,10,Music,2012-10-26 19:48:41+00:00,77,110000,2294,224
TfjfzDIAIGE,"""The Last Time"" Song Preview from RED - Now Available",Regular,none,10,Music,2012-10-26 19:48:19+00:00,92,81010,1929,140
YszERgNNKnc,"""I Almost Do"" Song Preview from RED - Now Available",Regular,none,10,Music,2012-10-26 15:31:35+00:00,67,205130,2165,168
yBHlFJ9waVo,"""22"" Song Preview from RED - Now Available",Regular,none,10,Music,2012-10-25 16:33:57+00:00,67,199968,3189,361
k2zfi4gLekU,"""All Too Well"" Song Preview from RED - Now Available",Regular,none,10,Music,2012-10-24 18:49:35+00:00,102,140873,3692,447
cMPEd8m79Hw,Taylor Swift - Begin Again,Regular,none,10,Music,2012-10-24 04:01:06+00:00,251,211781971,1308422,61421
KNKa1to1v6o,"""Treacherous"" Song Preview from RED - Now Available",Regular,none,10,Music,2012-10-23 21:45:45+00:00,77,187323,3718,469
1vj3YhYrULo,Wonderstruck Enchanted Taylor Swift Chapter 3,Short,none,24,Entertainment,2012-09-20 20:27:33+00:00,31,573052,14917,1006
eocfbbyIUn8,Taylor Swift - Back To December,Regular,none,10,Music,2012-09-07 23:42:41+00:00,311,37786838,276753,8728
WA4iX5D9Z64,Taylor Swift - We Are Never Ever Getting Back Together,Regular,none,10,Music,2012-09-01 00:00:08+00:00,216,821862827,4419885,228966
6OPPGOl7ctE,Win A Taylor Swift Performance on Your Campus!,Short,none,10,Music,2012-08-21 15:49:27+00:00,26,343324,4973,1290
gcMn_Eu-XTE,Taylor Swift - We Are Never Ever Getting Back Together (Lyric Video),Regular,none,10,Music,2012-08-14 16:42:22+00:00,196,38641613,274976,35448
P6gFma4H7fA,Taylor Swift Web Chat and G+ Hangout,Regular,none,10,Music,2012-08-14 00:09:50+00:00,1495,2016528,28524,1465
I4TIvOCa3t8,Taylor Swift Live Webcast on YouTube - 8/13 @ 7pm ET,Short,none,24,Entertainment,2012-08-07 13:52:38+00:00,29,1020135,10622,4936
weQBrpLffrA,Taylor Swift Billboard Woman of the Year,Regular,none,10,Music,2012-06-04 17:04:19+00:00,327,1006191,37346,2047
8hsVICl7d8k,Taylor Swift - Eyes Open (Lyric Version),Regular,none,10,Music,2012-05-17 07:00:08+00:00,248,18677630,174384,11284
LkkY2iaylmI,Wonderstruck Taylor Swift Chapter 2,Short,none,24,Entertainment,2012-04-24 14:50:46+00:00,31,953665,20001,1290
tBEFMmkgu7s,My new favorite thing ... thank you!,Short,none,10,Music,2012-04-02 03:49:00+00:00,30,1198712,41768,3756
FvodYNcH13Q,Meredith learns about ACM voting...,Regular,none,24,Entertainment,2012-03-19 16:14:35+00:00,99,1952430,57834,4286
dLfkQNnzh2o,Safe & Sound (The Hunger Games: Songs From District 12 And Beyond - The Collaboration),Regular,none,10,Music,2012-02-29 08:00:00+00:00,257,2457179,22542,959
RzhAS_GnJIc,Safe & Sound feat. The Civil Wars (The Hunger Games: Songs From District 12 And Beyond),Regular,none,10,Music,2012-02-16 17:30:41+00:00,241,212627366,2009376,107182
xDJLsPd6NdY,Taylor Swift - Safe & Sound (Behind The Scenes) ft. The Civil Wars,Regular,none,10,Music,2012-02-16 08:00:00+00:00,244,1497032,21916,1093
IdMI-HCO5QY,"""Ours"" Behind-the-Scenes - The Office",Regular,none,10,Music,2011-12-19 02:51:06+00:00,276,287788,6397,562
QvNW_z1Y7Ls,"""Ours"" Behind-the-Scenes - That's a Wrap",Regular,none,10,Music,2011-12-16 22:35:51+00:00,127,170375,3278,174
wIvJI6mF1ME,"""Ours"" Behind-the-Scenes - Working with Taylor",Regular,none,10,Music,2011-12-16 22:21:12+00:00,142,166880,4822,141
yHqjZUxaigo,"""Ours"" Behind-the-Scenes - Message of Ours",Regular,none,10,Music,2011-12-16 22:10:23+00:00,110,271132,6557,289
7D6-_twz7YE,"""Ours"" Behind-the-Scenes - The Inspiration",Regular,none,10,Music,2011-12-16 22:08:33+00:00,103,119986,2872,106
0Ot5C6O-KfA,"""Ours"" Behind-the-Scenes - Director Casting",Regular,none,10,Music,2011-12-13 21:05:40+00:00,148,103541,2778,311
HsLl-IL9c7E,"""Ours"" Behind-the-Scenes - Home Movies",Regular,none,10,Music,2011-12-13 20:50:44+00:00,114,138991,3301,269
gPJ8PFeq9Xw,"""Ours"" Behind-the-Scenes - Taylor's Look",Regular,none,10,Music,2011-12-09 23:00:19+00:00,133,199546,3264,353
Y89k5sfHBaw,"""Ours"" Behind-the-Scenes - Locations",Regular,none,10,Music,2011-12-09 22:47:48+00:00,144,100331,2494,132
h6CRgcouLuU,"""Ours"" Behind-the-Scenes - Zach",Regular,none,10,Music,2011-12-09 18:38:29+00:00,118,186269,3497,241
_zyYtE9di9A,"""Ours"" Behind-the-Scenes - ""The Story of the Video""",Regular,none,10,Music,2011-12-08 21:06:20+00:00,110,133369,2660,118
AtHsg4USz8g,"""Ours"" Behind-the-Scenes - The Director",Regular,none,10,Music,2011-12-07 23:04:15+00:00,116,165443,3173,207
beGv3NTnduo,"""Ours"" Behind-the-Scenes - We're Making a Video",Regular,none,10,Music,2011-12-07 22:23:13+00:00,128,155753,3477,265
LZ34LlaIk88,Taylor Swift - Ours,Regular,none,10,Music,2011-12-06 08:00:00+00:00,244,115040701,819582,40723
O0Mnebw_TJc,Speak Now World Tour Live CD/DVD - Available Now!,Regular,none,10,Music,2011-11-22 17:54:03+00:00,88,252854,5793,774
lZNJnOrwDTQ,"Taylor Talks Hugging Fans - 60 Minutes, Sunday Nov 21 @ 7/6c CBS",Regular,none,24,Entertainment,2011-11-19 00:11:40+00:00,85,199413,3567,383
GSvyRVw366k,Taylor Swift on 60 Minutes - Nov 20 @ 7/6c CBS,Short,none,24,Entertainment,2011-11-17 23:12:02+00:00,42,304380,5366,550
xIoApJgIw8U,Taylor Swift WONDERSTRUCK In-Store Appearances,Regular,none,24,Entertainment,2011-11-17 17:38:19+00:00,123,276842,5645,550
woiScNulLyE,Wonderstruck Taylor Swift Chapter 1,Short,none,10,Music,2011-09-29 00:24:46+00:00,33,1693181,25685,2102
-CICulOcBQE,Taylor Swift WONDERSTRUCK Teaser,Short,none,24,Entertainment,2011-09-21 22:10:38+00:00,40,1206526,22149,1952
KFoOCZeKgzQ,Speak Now World Tour Live CD+DVD,Regular,none,10,Music,2011-09-21 14:27:30+00:00,72,276267,5510,689
urcHObkMCBE,Taylor Swift's Wonderstruck Fragrance,Short,none,10,Music,2011-09-16 15:11:21+00:00,50,390520,9374,1105
OOPFMrF7v4Q,YouTube Presents Taylor Swift,Regular,none,10,Music,2011-09-02 01:04:34+00:00,2553,2511801,30174,4058
z___7lkxS0I,YouTube Presents Taylor Swift Q&A,Short,none,22,People & Blogs,2011-08-25 16:57:04+00:00,24,327333,5442,2731
AcGbuveDwTg,Taylor Swift - Viva La Vida,Regular,none,10,Music,2011-08-24 11:29:30+00:00,226,7400548,167739,6189
_9RWI5JBew0,"Taylor Swift - Mine (Live, BBC Radio 2 Session)",Regular,none,10,Music,2011-08-24 11:29:30+00:00,260,1861747,25557,1495
oKar-tF__ac,Taylor Swift - Sparks Fly,Regular,none,10,Music,2011-08-11 18:18:12+00:00,271,104449163,562570,32624
nN6VR92V70M,Taylor Swift - The Story Of Us,Regular,none,10,Music,2011-05-25 21:44:56+00:00,267,153373925,815580,46324
jYa1eI1hpDE,Taylor Swift - Mean,Regular,none,10,Music,2011-05-13 22:55:22+00:00,244,233368412,1406954,113321
ve_o2kq4_jY,Thank you.,Short,none,24,Entertainment,2011-04-04 05:00:50+00:00,32,3544031,207343,8448
Zmv26eqduSg,Asia! (my February video blog),Regular,none,10,Music,2011-02-23 06:28:38+00:00,569,2524224,100226,8850
9wXlz0f-2Zo,"Taylor Swift Speak Now Fan Video : Stockhold, Sweden",Regular,none,10,Music,2011-02-14 05:32:11+00:00,187,212532,2407,238
CpwF5fw6dE0,"Taylor Swift Speak Now Fan Video : Ajalvir (Madrid), Spain",Regular,none,10,Music,2011-02-14 05:19:09+00:00,199,96588,2095,146
fTFcFeQOeLo,"Taylor Swift Speak Now Fan Video : San Diego, CA",Regular,none,10,Music,2011-02-14 05:05:59+00:00,203,118012,1721,139
dlBQSxDuy2I,"Taylor Swift Speak Now Fan Video : Omaha, NE",Regular,none,10,Music,2011-02-14 04:59:38+00:00,260,56388,1935,314
rx86WwyoI7g,"Taylor Swift Speak Now Fan Video : Hampton, NJ",Regular,none,10,Music,2011-02-14 04:39:17+00:00,237,116178,1613,99
-0uRcwk818Y,"Taylor Swift Speak Now Fan Video : Nashville, TN",Regular,none,10,Music,2011-02-14 04:33:28+00:00,237,409907,3549,123
KWPrDngWZSQ,"Taylor Swift Speak Now Fan Video : Minneapolis, MN",Regular,none,10,Music,2011-02-14 04:08:07+00:00,181,56384,2352,411
91EDAPQLsXc,"Taylor Swift Speak Now Fan Video : Chicago, IL",Regular,none,10,Music,2011-02-14 03:50:44+00:00,212,119582,2404,150
LSjPFdoeDD8,"Taylor Swift Speak Now Fan Video : Oranga, NSW, Australia",Regular,none,10,Music,2011-02-14 03:04:11+00:00,198,91079,1596,94
jkin5pRLrQg,Taylor Swift Speak Now Fan Videos : Shot on a Bloggie,Regular,none,10,Music,2011-02-14 03:00:29+00:00,256,56616,1834,109
QUwxKWT6m7U,Taylor Swift - Back To December,Regular,none,10,Music,2011-02-01 17:16:48+00:00,304,366953775,1903063,76572
ZMt6TFO0zn4,Taylor Swift CoverGirl NatureLuxe,Short,none,24,Entertainment,2011-01-06 17:52:21+00:00,31,972966,12980,1365
zudLJdajX5Y,Taylor Swift - You Belong With Me (Live on Letterman),Regular,none,10,Music,2010-12-08 04:43:15+00:00,233,7122736,63350,3115
4wUPASp2hfY,Taylor Swift - Speak Now (Live on Letterman),Regular,none,10,Music,2010-12-08 04:41:04+00:00,241,18310584,137739,7479
xcLIGAIkztc,Taylor Swift - Mine (Live on Letterman),Regular,none,10,Music,2010-12-08 04:25:17+00:00,291,5474396,50617,3047
mNLVMDF9mUo,Taylor Swift - Love Story (Live on Letterman),Regular,none,10,Music,2010-12-08 04:22:20+00:00,243,27694041,299647,8993
vio0RidOMUM,Taylor Swift - Back To December (Live on Letterman),Regular,none,10,Music,2010-12-08 04:19:32+00:00,303,13828429,145721,5596
5jKcG86bNRs,Speak Now Deluxe Edition - Only at Target,Short,none,10,Music,2010-10-25 20:02:56+00:00,31,1689189,73276,2546
QQVHNOxYv5E,Taylor Swift's 'Journey to Fearless' on The Hub,Short,none,24,Entertainment,2010-10-19 23:10:37+00:00,31,401190,5129,550
XPBwXKgDTdE,Taylor Swift - Mine,Regular,none,10,Music,2010-08-31 02:15:03+00:00,236,327179622,1342439,91436
w7p_BCIX-rw,A Hug From Taylor Swift - The Final Challenge,Regular,none,24,Entertainment,2010-06-02 18:44:29+00:00,306,558528,13335,1422
IgZY0frgysw,Demonstrating my fine athletic skills. And more.,Regular,none,24,Entertainment,2010-04-26 19:58:31+00:00,333,5753675,166626,10316
uhHMWLjL77U,Taylor Swift Sony TX7 Cyber-shot Camera Commercial,Short,none,24,Entertainment,2010-04-26 14:44:40+00:00,31,1554152,21249,1789
PVtlDvh74H8,A Hug From Taylor Swift - Challenge #3,Regular,none,24,Entertainment,2010-04-24 03:58:16+00:00,63,1013362,8246,895
37Pc4cjk9pY,Vote Taylor: ACM Entertainer of the Year,Regular,none,10,Music,2010-04-02 03:59:52+00:00,211,342718,7243,806
Uo6HuSCBZu4,A Hug From Taylor Swift - Challenge #2,Regular,none,24,Entertainment,2010-04-01 15:38:34+00:00,97,1057605,10765,1615
mxBSpHji2oo,A Hug From Taylor Swift - Challenge #1,Regular,none,24,Entertainment,2010-03-25 16:19:23+00:00,196,884982,12825,1086
U3yPyVFKGG8,New conference table.,Short,none,10,Music,2010-03-12 16:10:46+00:00,31,1354852,57012,2238
VhFFAQuAUqo,Fairytale Adventures in Australia and Japan.,Regular,none,10,Music,2010-03-01 01:21:07+00:00,347,917367,15649,1830
ptSjNWnzpjg,Taylor Swift - Fearless,Regular,none,10,Music,2010-02-26 17:13:59+00:00,251,65060488,300342,19203
Pb-K2tXWK4w,Taylor Swift - Fifteen,Regular,none,10,Music,2009-11-24 08:00:54+00:00,304,171337266,683346,66224
wzLhAZn_JMk,Behind-the-scenes in BAND HERO with Taylor!,Regular,none,20,Gaming,2009-11-02 22:00:19+00:00,77,938274,7555,643
GVKuFZhB1e8,Taylor Swift In Band Hero,Regular,none,20,Gaming,2009-10-01 18:26:46+00:00,123,659428,7830,1861
SnN7kIqDgz0,Watching the CMA Announcements!,Regular,none,10,Music,2009-09-09 20:04:29+00:00,201,973431,31743,4163
x2hRdQnbzKQ,Your world is my world.,Regular,none,24,Entertainment,2009-08-19 16:34:06+00:00,382,1142317,26987,2402
Y3eRmLTN7FQ,Surprise! Taylor Wins 2 Teen Choice Awards!,Regular,none,10,Music,2009-08-11 03:49:48+00:00,217,446844,6857,1130
Jb2stN7kH28,Taylor Swift - Our Song,Regular,none,10,Music,2009-06-17 00:49:50+00:00,203,226022426,973855,67542
GkD20ajVxnY,Taylor Swift - Tim McGraw,Regular,none,10,Music,2009-06-17 00:12:30+00:00,232,54879463,369326,24494
xKCek6_dB0M,Taylor Swift - Teardrops On My Guitar,Regular,none,10,Music,2009-06-16 23:22:21+00:00,218,176874521,865430,63152
D1Xr-JFLxik,Taylor Swift - White Horse,Regular,none,10,Music,2009-06-16 22:20:05+00:00,245,162763884,746210,46436
VuNIsY6JdUw,Taylor Swift - You Belong With Me,Regular,none,10,Music,2009-06-16 22:02:30+00:00,229,1710776504,10599167,465345
8xg3vE8Ie_E,Taylor Swift - Love Story,Regular,none,10,Music,2009-06-16 21:56:20+00:00,237,796252614,5661937,228652
l4_6eQm7RTQ,Taylor Swift - The Best Day,Regular,none,10,Music,2009-06-16 21:55:48+00:00,276,26156738,240615,13007
B1jYllE0T-k,Taylor Swift - Change,Regular,none,10,Music,2009-06-16 21:53:38+00:00,273,52019027,198945,17535
AlTfYj7q5gQ,Taylor Swift - I'm Only Me When I'm With You,Regular,none,10,Music,2009-06-16 21:44:50+00:00,219,42216547,190025,11363
yCMqcFAigRg,Taylor Swift - Picture To Burn,Regular,none,10,Music,2009-06-16 21:42:34+00:00,212,125357907,683652,39870
8w4A1vVaNmE,"Whisper hello, I miss you quite terribly.",Regular,none,22,People & Blogs,2009-05-08 17:02:16+00:00,296,5692712,20994,3098
V3QOzyS5M4Q,Being on tour. Everyone ignores me.,Regular,none,22,People & Blogs,2009-05-07 19:02:07+00:00,397,3124914,183148,9975
G2rSQF5Qx7k,FEARLESS Tour 2009,Regular,none,10,Music,2009-04-24 21:26:31+00:00,143,1056316,8638,1352
MHDjff07l0I,Thanksgiving break and The Academy Is...,Regular,none,22,People & Blogs,2009-03-06 00:20:07+00:00,323,658179,8178,789
M134RqAbiwY,I hope it's gonna make you notice.,Regular,none,22,People & Blogs,2009-03-05 23:28:03+00:00,308,2901209,35244,3370
qvcSth8LvEw,1 with a bullet.,Regular,none,10,Music,2008-11-25 18:35:47+00:00,264,817898,8329,1114
-zymq4JgQ7E,Retainers.,Short,none,10,Music,2008-11-17 21:25:40+00:00,59,3272363,73507,4964
45KfDAgw_Is,November 11th.,Regular,none,10,Music,2008-11-17 20:58:44+00:00,351,714991,7217,968
RLmmqQNEM_I,You change your mind like a girl changes clothes.,Regular,none,10,Music,2008-11-17 20:43:59+00:00,316,1522982,22411,2084
rJVYkPjQf9s,Rascal Flatt's tour and Grey's Anatomy,Regular,none,10,Music,2008-11-17 20:35:15+00:00,249,363774,7106,684
DjABPXfE4Fs,Philadelphia :),Regular,none,10,Music,2008-11-17 20:32:42+00:00,246,523479,8459,818
0jWoq3COzts,London!!!,Regular,none,10,Music,2008-11-17 19:55:46+00:00,286,818510,11135,1323
bkADPxWSeak,Behind The Scenes @ CMA Music Festival,Regular,none,10,Music,2008-09-02 17:53:24+00:00,93,317975,3704,267
m_4CSbzwPtE,"Taylor And ""Friends""",Regular,none,10,Music,2008-08-17 22:26:08+00:00,137,1041614,10837,990
Ivz6lNNAYaE,MySpace Presents: The Fit Featuring Taylor Swift,Regular,none,10,Music,2008-06-26 23:02:37+00:00,252,694834,5304,559
R7wjyOQw7Zw,Instructional Video,Regular,none,10,Music,2008-06-26 22:05:00+00:00,66,699045,11999,901
1G1ES1y6AyI,My band has bad private plane manners.,Short,none,10,Music,2008-06-26 21:58:19+00:00,25,865888,10734,605
Mi-FBBqUuJE,First fans with my CMT Award.,Short,none,10,Music,2008-06-26 21:55:43+00:00,11,373066,4580,295
p-5R0u3iTiE,TRL Recap!,Regular,none,10,Music,2008-06-26 21:15:51+00:00,188,809606,9929,966
C7I3_yFQYkc,Wannabe,Regular,none,10,Music,2008-06-26 21:02:39+00:00,225,1305402,23011,1760
pA1dPsnfams,:-),Short,none,10,Music,2008-06-26 20:51:09+00:00,34,995306,27188,2151
v9bxXO9fj98,Should've Said No,Regular,none,10,Music,2008-06-26 15:47:41+00:00,262,7983718,125736,10109
